[
  {
    "asset": "BTC",
    "currency": "USD",
    "min_size": "0.0004",
    "max_size": null,
    "increment": "0.1",
    "label": "BTC/USD"
  },
  {
    "asset": "ETH",
    "currency": "USD",
    "min_size": "0.003",
    "max_size": null,
    "increment": "0.01",
    "label": "ETH/USD"
  },
  {
    "asset": "BCH",
    "currency": "USD",
    "min_size": "0.02",
    "max_size": null,
    "increment": "0.01",
    "label": "BCH/USD"
  },
  {
    "asset": "DASH",
    "currency": "USD",
    "min_size": "0.065",
    "max_size": null,
    "increment": "0.01",
    "label": "DASH/USD"
  },
  {
    "asset": "LTC",
    "currency": "USD",
    "min_size": "0.03",
    "max_size": null,
    "increment": "0.01",
    "label": "LTC/USD"
  },
  {
    "asset": "XRP",
    "currency": "USD",
    "min_size": "11",
    "max_size": null,
    "increment": "0.0001",
    "label": "XRP/USD"
  },
  {
    "asset": "XLM",
    "currency": "USD",
    "min_size": "32",
    "max_size": null,
    "increment": "0.01",
    "label": "XLM/USD"
  },
  {
    "asset": "OMG",
    "currency": "USD",
    "min_size": "1.5",
    "max_size": null,
    "increment": "0.01",
    "label": "OMG/USD"
  },
  {
    "asset": "MHC",
    "currency": "USD",
    "min_size": "2100",
    "max_size": null,
    "increment": "0.01",
    "label": "MHC/USD"
  },
  {
    "asset": "TRX",
    "currency": "USD",
    "min_size": "200",
    "max_size": null,
    "increment": "0.01",
    "label": "TRX/USD"
  },
  {
    "asset": "BTT",
    "currency": "USD",
    "min_size": "780",
    "max_size": null,
    "increment": "0.01",
    "label": "BTT/USD"
  },
  {
    "asset": "ADA",
    "currency": "USD",
    "min_size": "50",
    "max_size": null,
    "increment": "0.01",
    "label": "ADA/USD"
  },
  {
    "asset": "NEO",
    "currency": "USD",
    "min_size": "0.4",
    "max_size": null,
    "increment": "0.01",
    "label": "NEO/USD"
  },
  {
    "asset": "GAS",
    "currency": "USD",
    "min_size": "4.5",
    "max_size": null,
    "increment": "0.01",
    "label": "GAS/USD"
  },
  {
    "asset": "BAT",
    "currency": "USD",
    "min_size": "26",
    "max_size": null,
    "increment": "0.01",
    "label": "BAT/USD"
  },
  {
    "asset": "ATOM",
    "currency": "USD",
    "min_size": "1.2",
    "max_size": null,
    "increment": "0.01",
    "label": "ATOM/USD"
  },
  {
    "asset": "XTZ",
    "currency": "USD",
    "min_size": "2.5",
    "max_size": null,
    "increment": "0.01",
    "label": "XTZ/USD"
  },
  {
    "asset": "BTC",
    "currency": "EUR",
    "min_size": "0.0004",
    "max_size": null,
    "increment": "0.1",
    "label": "BTC/EUR"
  },
  {
    "asset": "ETH",
    "currency": "EUR",
    "min_size": "0.012",
    "max_size": null,
    "increment": "0.01",
    "label": "ETH/EUR"
  },
  {
    "asset": "BCH",
    "currency": "EUR",
    "min_size": "0.02",
    "max_size": null,
    "increment": "0.01",
    "label": "BCH/EUR"
  },
  {
    "asset": "DASH",
    "currency": "EUR",
    "min_size": "0.065",
    "max_size": null,
    "increment": "0.01",
    "label": "DASH/EUR"
  },
  {
    "asset": "XRP",
    "currency": "EUR",
    "min_size": "11",
    "max_size": null,
    "increment": "0.0001",
    "label": "XRP/EUR"
  },
  {
    "asset": "XLM",
    "currency": "EUR",
    "min_size": "32",
    "max_size": null,
    "increment": "0.01",
    "label": "XLM/EUR"
  },
  {
    "asset": "OMG",
    "currency": "EUR",
    "min_size": "1.5",
    "max_size": null,
    "increment": "0.01",
    "label": "OMG/EUR"
  },
  {
    "asset": "MHC",
    "currency": "EUR",
    "min_size": "2100",
    "max_size": null,
    "increment": "0.01",
    "label": "MHC/EUR"
  },
  {
    "asset": "TRX",
    "currency": "EUR",
    "min_size": "200",
    "max_size": null,
    "increment": "0.01",
    "label": "TRX/EUR"
  },
  {
    "asset": "BTT",
    "currency": "EUR",
    "min_size": "780",
    "max_size": null,
    "increment": "0.01",
    "label": "BTT/EUR"
  },
  {
    "asset": "LTC",
    "currency": "EUR",
    "min_size": "0.08",
    "max_size": null,
    "increment": "0.01",
    "label": "LTC/EUR"
  },
  {
    "asset": "ADA",
    "currency": "EUR",
    "min_size": "50",
    "max_size": null,
    "increment": "0.01",
    "label": "ADA/EUR"
  },
  {
    "asset": "NEO",
    "currency": "EUR",
    "min_size": "0.4",
    "max_size": null,
    "increment": "0.01",
    "label": "NEO/EUR"
  },
  {
    "asset": "GAS",
    "currency": "EUR",
    "min_size": "4.5",
    "max_size": null,
    "increment": "0.01",
    "label": "GAS/EUR"
  },
  {
    "asset": "BAT",
    "currency": "EUR",
    "min_size": "26",
    "max_size": null,
    "increment": "0.01",
    "label": "BAT/EUR"
  },
  {
    "asset": "ATOM",
    "currency": "EUR",
    "min_size": "1.2",
    "max_size": null,
    "increment": "0.01",
    "label": "ATOM/EUR"
  },
  {
    "asset": "XTZ",
    "currency": "EUR",
    "min_size": "2.5",
    "max_size": null,
    "increment": "0.01",
    "label": "XTZ/EUR"
  },
  {
    "asset": "BTC",
    "currency": "GBP",
    "min_size": "0.0004",
    "max_size": null,
    "increment": "0.1",
    "label": "BTC/GBP"
  },
  {
    "asset": "ETH",
    "currency": "GBP",
    "min_size": "0.012",
    "max_size": null,
    "increment": "0.01",
    "label": "ETH/GBP"
  },
  {
    "asset": "BCH",
    "currency": "GBP",
    "min_size": "0.02",
    "max_size": null,
    "increment": "0.01",
    "label": "BCH/GBP"
  },
  {
    "asset": "MHC",
    "currency": "GBP",
    "min_size": "2100",
    "max_size": null,
    "increment": "0.01",
    "label": "MHC/GBP"
  },
  {
    "asset": "LTC",
    "currency": "GBP",
    "min_size": "0.08",
    "max_size": null,
    "increment": "0.01",
    "label": "LTC/GBP"
  },
  {
    "asset": "XRP",
    "currency": "GBP",
    "min_size": "11",
    "max_size": null,
    "increment": "0.0001",
    "label": "XRP/GBP"
  },
  {
    "asset": "ADA",
    "currency": "GBP",
    "min_size": "50",
    "max_size": null,
    "increment": "0.01",
    "label": "ADA/GBP"
  },
  {
    "asset": "NEO",
    "currency": "GBP",
    "min_size": "0.4",
    "max_size": null,
    "increment": "0.01",
    "label": "NEO/GBP"
  },
  {
    "asset": "GAS",
    "currency": "GBP",
    "min_size": "4.5",
    "max_size": null,
    "increment": "0.01",
    "label": "GAS/GBP"
  },
  {
    "asset": "ATOM",
    "currency": "GBP",
    "min_size": "1.2",
    "max_size": null,
    "increment": "0.01",
    "label": "ATOM/GBP"
  },
  {
    "asset": "BAT",
    "currency": "GBP",
    "min_size": "26",
    "max_size": null,
    "increment": "0.01",
    "label": "BAT/GBP"
  },
  {
    "asset": "XTZ",
    "currency": "GBP",
    "min_size": "2.5",
    "max_size": null,
    "increment": "0.01",
    "label": "XTZ/GBP"
  },
  {
    "asset": "BTC",
    "currency": "RUB",
    "min_size": "0.0004",
    "max_size": null,
    "increment": "1",
    "label": "BTC/RUB"
  },
  {
    "asset": "ETH",
    "currency": "BTC",
    "min_size": "0.012",
    "max_size": null,
    "increment": "0.000001",
    "label": "ETH/BTC"
  },
  {
    "asset": "BCH",
    "currency": "BTC",
    "min_size": "0.02",
    "max_size": null,
    "increment": "0.000001",
    "label": "BCH/BTC"
  },
  {
    "asset": "DASH",
    "currency": "BTC",
    "min_size": "0.065",
    "max_size": null,
    "increment": "0.000001",
    "label": "DASH/BTC"
  },
  {
    "asset": "LTC",
    "currency": "BTC",
    "min_size": "0.08",
    "max_size": null,
    "increment": "0.000001",
    "label": "LTC/BTC"
  },
  {
    "asset": "XRP",
    "currency": "BTC",
    "min_size": "11",
    "max_size": null,
    "increment": "0.00000001",
    "label": "XRP/BTC"
  },
  {
    "asset": "XLM",
    "currency": "BTC",
    "min_size": "32",
    "max_size": null,
    "increment": "0.000001",
    "label": "XLM/BTC"
  },
  {
    "asset": "OMG",
    "currency": "BTC",
    "min_size": "1.5",
    "max_size": null,
    "increment": "0.000001",
    "label": "OMG/BTC"
  },
  {
    "asset": "GUSD",
    "currency": "USD",
    "min_size": "8",
    "max_size": null,
    "increment": "0.01",
    "label": "GUSD/USD"
  },
  {
    "asset": "ONT",
    "currency": "USD",
    "min_size": "12",
    "max_size": null,
    "increment": "0.01",
    "label": "ONT/USD"
  },
  {
    "asset": "ONG",
    "currency": "USD",
    "min_size": "50",
    "max_size": null,
    "increment": "0.01",
    "label": "ONG/USD"
  },
  {
    "asset": "GUSD",
    "currency": "EUR",
    "min_size": "8",
    "max_size": null,
    "increment": "0.01",
    "label": "GUSD/EUR"
  },
  {
    "asset": "ONT",
    "currency": "EUR",
    "min_size": "12",
    "max_size": null,
    "increment": "0.01",
    "label": "ONT/EUR"
  },
  {
    "asset": "ONG",
    "currency": "EUR",
    "min_size": "50",
    "max_size": null,
    "increment": "0.01",
    "label": "ONG/EUR"
  },
  {
    "asset": "MHC",
    "currency": "BTC",
    "min_size": "2100",
    "max_size": null,
    "increment": "0.000001",
    "label": "MHC/BTC"
  },
  {
    "asset": "MHC",
    "currency": "ETH",
    "min_size": "2100",
    "max_size": null,
    "increment": "0.01",
    "label": "MHC/ETH"
  },
  {
    "asset": "TRX",
    "currency": "BTC",
    "min_size": "200",
    "max_size": null,
    "increment": "0.000001",
    "label": "TRX/BTC"
  },
  {
    "asset": "BTT",
    "currency": "BTC",
    "min_size": "780",
    "max_size": null,
    "increment": "0.000001",
    "label": "BTT/BTC"
  },
  {
    "asset": "ONT",
    "currency": "BTC",
    "min_size": "12",
    "max_size": null,
    "increment": "0.000001",
    "label": "ONT/BTC"
  },
  {
    "asset": "ONG",
    "currency": "BTC",
    "min_size": "50",
    "max_size": null,
    "increment": "0.000001",
    "label": "ONG/BTC"
  },
  {
    "asset": "USDT",
    "currency": "USD",
    "min_size": "7",
    "max_size": null,
    "increment": "0.01",
    "label": "USDT/USD"
  },
  {
    "asset": "USDT",
    "currency": "EUR",
    "min_size": "7",
    "max_size": null,
    "increment": "0.01",
    "label": "USDT/EUR"
  },
  {
    "asset": "USDT",
    "currency": "GBP",
    "min_size": "7",
    "max_size": null,
    "increment": "0.01",
    "label": "USDT/GBP"
  },
  {
    "asset": "USDT",
    "currency": "RUB",
    "min_size": "7",
    "max_size": null,
    "increment": "0.01",
    "label": "USDT/RUB"
  },
  {
    "asset": "BTC",
    "currency": "USDT",
    "min_size": "0.0004",
    "max_size": null,
    "increment": "0.1",
    "label": "BTC/USDT"
  },
  {
    "asset": "BTC",
    "currency": "USDC",
    "min_size": "0.0004",
    "max_size": null,
    "increment": "0.1",
    "label": "BTC/USDC"
  },
  {
    "asset": "ETH",
    "currency": "USDT",
    "min_size": "0.012",
    "max_size": null,
    "increment": "0.01",
    "label": "ETH/USDT"
  },
  {
    "asset": "BCH",
    "currency": "USDT",
    "min_size": "0.02",
    "max_size": null,
    "increment": "0.01",
    "label": "BCH/USDT"
  },
  {
    "asset": "LTC",
    "currency": "USDT",
    "min_size": "0.08",
    "max_size": null,
    "increment": "0.01",
    "label": "LTC/USDT"
  },
  {
    "asset": "XRP",
    "currency": "USDT",
    "min_size": "11",
    "max_size": null,
    "increment": "0.0001",
    "label": "XRP/USDT"
  },
  {
    "asset": "XLM",
    "currency": "USDT",
    "min_size": "32",
    "max_size": null,
    "increment": "0.01",
    "label": "XLM/USDT"
  },
  {
    "asset": "OMG",
    "currency": "USDT",
    "min_size": "1.5",
    "max_size": null,
    "increment": "0.01",
    "label": "OMG/USDT"
  },
  {
    "asset": "TRX",
    "currency": "USDT",
    "min_size": "200",
    "max_size": null,
    "increment": "0.01",
    "label": "TRX/USDT"
  },
  {
    "asset": "ONT",
    "currency": "USDT",
    "min_size": "12",
    "max_size": null,
    "increment": "0.01",
    "label": "ONT/USDT"
  },
  {
    "asset": "ONG",
    "currency": "USDT",
    "min_size": "50",
    "max_size": null,
    "increment": "0.01",
    "label": "ONG/USDT"
  },
  {
    "asset": "ADA",
    "currency": "USDT",
    "min_size": "50",
    "max_size": null,
    "increment": "0.01",
    "label": "ADA/USDT"
  },
  {
    "asset": "USDC",
    "currency": "USD",
    "min_size": "7",
    "max_size": null,
    "increment": "0.01",
    "label": "USDC/USD"
  },
  {
    "asset": "WABI",
    "currency": "USD",
    "min_size": "65",
    "max_size": null,
    "increment": "0.01",
    "label": "WABI/USD"
  },
  {
    "asset": "WABI",
    "currency": "EUR",
    "min_size": "65",
    "max_size": null,
    "increment": "0.01",
    "label": "WABI/EUR"
  },
  {
    "asset": "WABI",
    "currency": "GBP",
    "min_size": "65",
    "max_size": null,
    "increment": "0.01",
    "label": "WABI/GBP"
  },
  {
    "asset": "MATIC",
    "currency": "USD",
    "min_size": "9",
    "max_size": null,
    "increment": "0.01",
    "label": "MATIC/USD"
  },
  {
    "asset": "MATIC",
    "currency": "EUR",
    "min_size": "9",
    "max_size": null,
    "increment": "0.01",
    "label": "MATIC/EUR"
  },
  {
    "asset": "MATIC",
    "currency": "GBP",
    "min_size": "9",
    "max_size": null,
    "increment": "0.01",
    "label": "MATIC/GBP"
  },
  {
    "asset": "MATIC",
    "currency": "USDT",
    "min_size": "9",
    "max_size": null,
    "increment": "0.01",
    "label": "MATIC/USDT"
  },
  {
    "asset": "LINK",
    "currency": "USD",
    "min_size": "0.5",
    "max_size": null,
    "increment": "0.01",
    "label": "LINK/USD"
  },
  {
    "asset": "LINK",
    "currency": "EUR",
    "min_size": "0.5",
    "max_size": null,
    "increment": "0.01",
    "label": "LINK/EUR"
  },
  {
    "asset": "LINK",
    "currency": "GBP",
    "min_size": "0.5",
    "max_size": null,
    "increment": "0.01",
    "label": "LINK/GBP"
  },
  {
    "asset": "MKR",
    "currency": "USD",
    "min_size": "0.005",
    "max_size": null,
    "increment": "0.01",
    "label": "MKR/USD"
  },
  {
    "asset": "ZRX",
    "currency": "USD",
    "min_size": "3.5",
    "max_size": null,
    "increment": "0.01",
    "label": "ZRX/USD"
  },
  {
    "asset": "ZRX",
    "currency": "USDT",
    "min_size": "15",
    "max_size": null,
    "increment": "0.01",
    "label": "ZRX/USDT"
  },
  {
    "asset": "LAMB",
    "currency": "USD",
    "min_size": "400",
    "max_size": null,
    "increment": "0.01",
    "label": "LAMB/USD"
  },
  {
    "asset": "LAMB",
    "currency": "USDT",
    "min_size": "400",
    "max_size": null,
    "increment": "0.01",
    "label": "LAMB/USDT"
  },
  {
    "asset": "HOT",
    "currency": "USD",
    "min_size": "400",
    "max_size": null,
    "increment": "0.01",
    "label": "HOT/USD"
  },
  {
    "asset": "HOT",
    "currency": "USDT",
    "min_size": "400",
    "max_size": null,
    "increment": "0.01",
    "label": "HOT/USDT"
  },
  {
    "asset": "DASH",
    "currency": "USDT",
    "min_size": "0.065",
    "max_size": null,
    "increment": "0.01",
    "label": "DASH/USDT"
  },
  {
    "asset": "NEO",
    "currency": "USDT",
    "min_size": "0.4",
    "max_size": null,
    "increment": "0.01",
    "label": "NEO/USDT"
  },
  {
    "asset": "GAS",
    "currency": "USDT",
    "min_size": "4.5",
    "max_size": null,
    "increment": "0.01",
    "label": "GAS/USDT"
  },
  {
    "asset": "BAT",
    "currency": "USDT",
    "min_size": "26",
    "max_size": null,
    "increment": "0.01",
    "label": "BAT/USDT"
  },
  {
    "asset": "ATOM",
    "currency": "USDT",
    "min_size": "1.2",
    "max_size": null,
    "increment": "0.01",
    "label": "ATOM/USDT"
  },
  {
    "asset": "XTZ",
    "currency": "USDT",
    "min_size": "2.5",
    "max_size": null,
    "increment": "0.01",
    "label": "XTZ/USDT"
  },
  {
    "asset": "GUSD",
    "currency": "USDT",
    "min_size": "8",
    "max_size": null,
    "increment": "0.01",
    "label": "GUSD/USDT"
  },
  {
    "asset": "USDC",
    "currency": "USDT",
    "min_size": "7",
    "max_size": null,
    "increment": "0.01",
    "label": "USDC/USDT"
  },
  {
    "asset": "WABI",
    "currency": "USDT",
    "min_size": "65",
    "max_size": null,
    "increment": "0.01",
    "label": "WABI/USDT"
  },
  {
    "asset": "LINK",
    "currency": "USDT",
    "min_size": "0.5",
    "max_size": null,
    "increment": "0.01",
    "label": "LINK/USDT"
  },
  {
    "asset": "DOT",
    "currency": "USD",
    "min_size": "0.15",
    "max_size": null,
    "increment": "0.01",
    "label": "DOT/USD"
  },
  {
    "asset": "DOT",
    "currency": "USDT",
    "min_size": "1.25",
    "max_size": null,
    "increment": "0.01",
    "label": "DOT/USDT"
  },
  {
    "asset": "COMP",
    "currency": "USD",
    "min_size": "0.06",
    "max_size": null,
    "increment": "0.01",
    "label": "COMP/USD"
  },
  {
    "asset": "COMP",
    "currency": "USDT",
    "min_size": "0.06",
    "max_size": null,
    "increment": "0.01",
    "label": "COMP/USDT"
  },
  {
    "asset": "ZIL",
    "currency": "USD",
    "min_size": "21",
    "max_size": null,
    "increment": "0.01",
    "label": "ZIL/USD"
  },
  {
    "asset": "ZIL",
    "currency": "USDT",
    "min_size": "21",
    "max_size": null,
    "increment": "0.01",
    "label": "ZIL/USDT"
  },
  {
    "asset": "UNI",
    "currency": "USD",
    "min_size": "2",
    "max_size": null,
    "increment": "0.01",
    "label": "UNI/USD"
  },
  {
    "asset": "UNI",
    "currency": "USDT",
    "min_size": "2",
    "max_size": null,
    "increment": "0.01",
    "label": "UNI/USDT"
  },
  {
    "asset": "UNI",
    "currency": "ETH",
    "min_size": "2",
    "max_size": null,
    "increment": "0.01",
    "label": "UNI/ETH"
  },
  {
    "asset": "UMA",
    "currency": "USD",
    "min_size": "0.5",
    "max_size": null,
    "increment": "0.01",
    "label": "UMA/USD"
  },
  {
    "asset": "UMA",
    "currency": "USDT",
    "min_size": "0.5",
    "max_size": null,
    "increment": "0.01",
    "label": "UMA/USDT"
  },
  {
    "asset": "UMA",
    "currency": "ETH",
    "min_size": "0.5",
    "max_size": null,
    "increment": "0.01",
    "label": "UMA/ETH"
  },
  {
    "asset": "YFI",
    "currency": "USD",
    "min_size": "0.0004",
    "max_size": null,
    "increment": "0.01",
    "label": "YFI/USD"
  },
  {
    "asset": "YFI",
    "currency": "USDT",
    "min_size": "0.0004",
    "max_size": null,
    "increment": "0.01",
    "label": "YFI/USDT"
  },
  {
    "asset": "YFI",
    "currency": "ETH",
    "min_size": "0.0004",
    "max_size": null,
    "increment": "0.01",
    "label": "YFI/ETH"
  },
  {
    "asset": "SNX",
    "currency": "USD",
    "min_size": "2",
    "max_size": null,
    "increment": "0.01",
    "label": "SNX/USD"
  },
  {
    "asset": "SNX",
    "currency": "USDT",
    "min_size": "2",
    "max_size": null,
    "increment": "0.01",
    "label": "SNX/USDT"
  },
  {
    "asset": "SNX",
    "currency": "ETH",
    "min_size": "2",
    "max_size": null,
    "increment": "0.01",
    "label": "SNX/ETH"
  },
  {
    "asset": "KNC",
    "currency": "USD",
    "min_size": "8",
    "max_size": null,
    "increment": "0.01",
    "label": "KNC/USD"
  },
  {
    "asset": "KNC",
    "currency": "USDT",
    "min_size": "8",
    "max_size": null,
    "increment": "0.01",
    "label": "KNC/USDT"
  },
  {
    "asset": "KNC",
    "currency": "ETH",
    "min_size": "8",
    "max_size": null,
    "increment": "0.01",
    "label": "KNC/ETH"
  },
  {
    "asset": "BAL",
    "currency": "USD",
    "min_size": "0.6",
    "max_size": null,
    "increment": "0.01",
    "label": "BAL/USD"
  },
  {
    "asset": "BAL",
    "currency": "USDT",
    "min_size": "0.6",
    "max_size": null,
    "increment": "0.01",
    "label": "BAL/USDT"
  },
  {
    "asset": "BAL",
    "currency": "ETH",
    "min_size": "0.6",
    "max_size": null,
    "increment": "0.01",
    "label": "BAL/ETH"
  },
  {
    "asset": "CRV",
    "currency": "USD",
    "min_size": "2.3",
    "max_size": null,
    "increment": "0.01",
    "label": "CRV/USD"
  },
  {
    "asset": "CRV",
    "currency": "USDT",
    "min_size": "15",
    "max_size": null,
    "increment": "0.01",
    "label": "CRV/USDT"
  },
  {
    "asset": "CRV",
    "currency": "ETH",
    "min_size": "15",
    "max_size": null,
    "increment": "0.01",
    "label": "CRV/ETH"
  },
  {
    "asset": "WBTC",
    "currency": "USDT",
    "min_size": "0.0005",
    "max_size": null,
    "increment": "0.01",
    "label": "WBTC/USDT"
  },
  {
    "asset": "WBTC",
    "currency": "ETH",
    "min_size": "0.0005",
    "max_size": null,
    "increment": "0.01",
    "label": "WBTC/ETH"
  },
  {
    "asset": "DAI",
    "currency": "USD",
    "min_size": "7",
    "max_size": null,
    "increment": "0.01",
    "label": "DAI/USD"
  },
  {
    "asset": "DAI",
    "currency": "USDT",
    "min_size": "7",
    "max_size": null,
    "increment": "0.01",
    "label": "DAI/USDT"
  },
  {
    "asset": "DAI",
    "currency": "ETH",
    "min_size": "7",
    "max_size": null,
    "increment": "0.01",
    "label": "DAI/ETH"
  },
  {
    "asset": "TUSD",
    "currency": "USDT",
    "min_size": "7",
    "max_size": null,
    "increment": "0.01",
    "label": "TUSD/USDT"
  },
  {
    "asset": "TUSD",
    "currency": "ETH",
    "min_size": "7",
    "max_size": null,
    "increment": "0.01",
    "label": "TUSD/ETH"
  },
  {
    "asset": "MTA",
    "currency": "USDT",
    "min_size": "3",
    "max_size": null,
    "increment": "0.01",
    "label": "MTA/USDT"
  },
  {
    "asset": "MTA",
    "currency": "ETH",
    "min_size": "3",
    "max_size": null,
    "increment": "0.01",
    "label": "MTA/ETH"
  },
  {
    "asset": "MUSD",
    "currency": "USDT",
    "min_size": "7",
    "max_size": null,
    "increment": "0.01",
    "label": "MUSD/USDT"
  },
  {
    "asset": "MUSD",
    "currency": "ETH",
    "min_size": "7",
    "max_size": null,
    "increment": "0.01",
    "label": "MUSD/ETH"
  },
  {
    "asset": "SUSHI",
    "currency": "USD",
    "min_size": "4.5",
    "max_size": null,
    "increment": "0.01",
    "label": "SUSHI/USD"
  },
  {
    "asset": "SUSHI",
    "currency": "USDT",
    "min_size": "4.5",
    "max_size": null,
    "increment": "0.01",
    "label": "SUSHI/USDT"
  },
  {
    "asset": "SUSHI",
    "currency": "ETH",
    "min_size": "4.5",
    "max_size": null,
    "increment": "0.01",
    "label": "SUSHI/ETH"
  },
  {
    "asset": "CREAM",
    "currency": "USDT",
    "min_size": "0.2",
    "max_size": null,
    "increment": "0.01",
    "label": "CREAM/USDT"
  },
  {
    "asset": "CREAM",
    "currency": "ETH",
    "min_size": "0.2",
    "max_size": null,
    "increment": "0.01",
    "label": "CREAM/ETH"
  },
  {
    "asset": "YFII",
    "currency": "USD",
    "min_size": "0.004",
    "max_size": null,
    "increment": "0.01",
    "label": "YFII/USD"
  },
  {
    "asset": "YFII",
    "currency": "USDT",
    "min_size": "0.004",
    "max_size": null,
    "increment": "0.01",
    "label": "YFII/USDT"
  },
  {
    "asset": "YFII",
    "currency": "ETH",
    "min_size": "0.004",
    "max_size": null,
    "increment": "0.01",
    "label": "YFII/ETH"
  },
  {
    "asset": "BUSD",
    "currency": "USDT",
    "min_size": "10",
    "max_size": null,
    "increment": "0.01",
    "label": "BUSD/USDT"
  },
  {
    "asset": "BUSD",
    "currency": "ETH",
    "min_size": "10",
    "max_size": null,
    "increment": "0.01",
    "label": "BUSD/ETH"
  },
  {
    "asset": "REN",
    "currency": "USD",
    "min_size": "25",
    "max_size": null,
    "increment": "0.01",
    "label": "REN/USD"
  },
  {
    "asset": "REN",
    "currency": "USDT",
    "min_size": "25",
    "max_size": null,
    "increment": "0.01",
    "label": "REN/USDT"
  },
  {
    "asset": "REN",
    "currency": "ETH",
    "min_size": "25",
    "max_size": null,
    "increment": "0.01",
    "label": "REN/ETH"
  },
  {
    "asset": "BAND",
    "currency": "USDT",
    "min_size": "1.5",
    "max_size": null,
    "increment": "0.01",
    "label": "BAND/USDT"
  },
  {
    "asset": "BAND",
    "currency": "ETH",
    "min_size": "1.5",
    "max_size": null,
    "increment": "0.01",
    "label": "BAND/ETH"
  },
  {
    "asset": "AKRO",
    "currency": "USDT",
    "min_size": "650",
    "max_size": null,
    "increment": "0.01",
    "label": "AKRO/USDT"
  },
  {
    "asset": "BNT",
    "currency": "USDT",
    "min_size": "8.2",
    "max_size": null,
    "increment": "0.01",
    "label": "BNT/USDT"
  },
  {
    "asset": "ZAP",
    "currency": "USDT",
    "min_size": "140",
    "max_size": null,
    "increment": "0.01",
    "label": "ZAP/USDT"
  },
  {
    "asset": "SRM",
    "currency": "USDT",
    "min_size": "6.5",
    "max_size": null,
    "increment": "0.01",
    "label": "SRM/USDT"
  },
  {
    "asset": "ANT",
    "currency": "USDT",
    "min_size": "2.5",
    "max_size": null,
    "increment": "0.01",
    "label": "ANT/USDT"
  },
  {
    "asset": "PAXG",
    "currency": "USDT",
    "min_size": "0.004",
    "max_size": null,
    "increment": "0.01",
    "label": "PAXG/USDT"
  },
  {
    "asset": "OCEAN",
    "currency": "USDT",
    "min_size": "16",
    "max_size": null,
    "increment": "0.01",
    "label": "OCEAN/USDT"
  },
  {
    "asset": "STORJ",
    "currency": "USDT",
    "min_size": "20",
    "max_size": null,
    "increment": "0.01",
    "label": "STORJ/USDT"
  },
  {
    "asset": "KAVA",
    "currency": "USDT",
    "min_size": "4",
    "max_size": null,
    "increment": "0.01",
    "label": "KAVA/USDT"
  },
  {
    "asset": "KSM",
    "currency": "USDT",
    "min_size": "0.22",
    "max_size": null,
    "increment": "0.01",
    "label": "KSM/USDT"
  },
  {
    "asset": "AAVE",
    "currency": "USDT",
    "min_size": "0.2",
    "max_size": null,
    "increment": "0.01",
    "label": "AAVE/USDT"
  },
  {
    "asset": "REPV2",
    "currency": "USDT",
    "min_size": "0.6",
    "max_size": null,
    "increment": "0.01",
    "label": "REPV2/USDT"
  },
  {
    "asset": "BCHA",
    "currency": "USDT",
    "min_size": "0.4",
    "max_size": null,
    "increment": "0.01",
    "label": "BCHA/USDT"
  },
  {
    "asset": "OCEAN",
    "currency": "USD",
    "min_size": "5.5",
    "max_size": null,
    "increment": "0.01",
    "label": "OCEAN/USD"
  },
  {
    "asset": "KAVA",
    "currency": "USD",
    "min_size": "4",
    "max_size": null,
    "increment": "0.01",
    "label": "KAVA/USD"
  },
  {
    "asset": "GLM",
    "currency": "USDT",
    "min_size": "60",
    "max_size": null,
    "increment": "0.01",
    "label": "GLM/USDT"
  },
  {
    "asset": "GLM",
    "currency": "USD",
    "min_size": "60",
    "max_size": null,
    "increment": "0.01",
    "label": "GLM/USD"
  },
  {
    "asset": "GZIL",
    "currency": "USDT",
    "min_size": "0.25",
    "max_size": null,
    "increment": "0.01",
    "label": "GZIL/USDT"
  },
  {
    "asset": "GZIL",
    "currency": "USD",
    "min_size": "0.25",
    "max_size": null,
    "increment": "0.01",
    "label": "GZIL/USD"
  },
  {
    "asset": "TON",
    "currency": "USDT",
    "min_size": "7",
    "max_size": null,
    "increment": "0.01",
    "label": "TON/USDT"
  },
  {
    "asset": "TON",
    "currency": "USD",
    "min_size": "7",
    "max_size": null,
    "increment": "0.01",
    "label": "TON/USD"
  },
  {
    "asset": "AWG",
    "currency": "USD",
    "min_size": "0.12",
    "max_size": null,
    "increment": "0.01",
    "label": "AWG/USD"
  },
  {
    "asset": "FUN",
    "currency": "USD",
    "min_size": "160",
    "max_size": null,
    "increment": "0.01",
    "label": "FUN/USD"
  },
  {
    "asset": "UTK",
    "currency": "USD",
    "min_size": "25",
    "max_size": null,
    "increment": "0.01",
    "label": "UTK/USD"
  },
  {
    "asset": "USDC",
    "currency": "EUR",
    "min_size": "7",
    "max_size": null,
    "increment": "0.01",
    "label": "USDC/EUR"
  },
  {
    "asset": "1INCH",
    "currency": "USD",
    "min_size": "1.5",
    "max_size": null,
    "increment": "0.01",
    "label": "1INCH/USD"
  },
  {
    "asset": "RENBTC",
    "currency": "USD",
    "min_size": "0.00015",
    "max_size": null,
    "increment": "0.01",
    "label": "RENBTC/USD"
  },
  {
    "asset": "RSR",
    "currency": "USD",
    "min_size": "120",
    "max_size": null,
    "increment": "0.01",
    "label": "RSR/USD"
  },
  {
    "asset": "MANA",
    "currency": "USD",
    "min_size": "25",
    "max_size": null,
    "increment": "0.01",
    "label": "MANA/USD"
  },
  {
    "asset": "LRC",
    "currency": "USD",
    "min_size": "10",
    "max_size": null,
    "increment": "0.01",
    "label": "LRC/USD"
  },
  {
    "asset": "DNT",
    "currency": "USD",
    "min_size": "20",
    "max_size": null,
    "increment": "0.01",
    "label": "DNT/USD"
  },
  {
    "asset": "CVC",
    "currency": "USD",
    "min_size": "15",
    "max_size": null,
    "increment": "0.01",
    "label": "CVC/USD"
  },
  {
    "asset": "XSGD",
    "currency": "USD",
    "min_size": "10",
    "max_size": null,
    "increment": "0.01",
    "label": "XSGD/USD"
  },
  {
    "asset": "ZWAP",
    "currency": "USD",
    "min_size": "0.01",
    "max_size": null,
    "increment": "0.01",
    "label": "ZWAP/USD"
  },
  {
    "asset": "HAPI",
    "currency": "USD",
    "min_size": "0.08",
    "max_size": null,
    "increment": "0.01",
    "label": "HAPI/USD"
  },
  {
    "asset": "AWX",
    "currency": "USDT",
    "min_size": "2",
    "max_size": null,
    "increment": "0.01",
    "label": "AWX/USDT"
  },
  {
    "asset": "COTI",
    "currency": "USD",
    "min_size": "15",
    "max_size": null,
    "increment": "0.01",
    "label": "COTI/USD"
  },
  {
    "asset": "AWS",
    "currency": "USD",
    "min_size": "10",
    "max_size": null,
    "increment": "0.01",
    "label": "AWS/USD"
  },
  {
    "asset": "AAVE",
    "currency": "USD",
    "min_size": "0.02",
    "max_size": null,
    "increment": "0.01",
    "label": "AAVE/USD"
  }
]