[
  {
    "id": "BTCUSD",
    "asset": "BTC",
    "currency": "USD",
    "min_size": "0.00000100",
    "max_size": "9000.00000000",
    "min_total": "10.0000",
    "increment": "0.0100",
    "asset_increment": "0.00000100",
    "label": "BTC/USD"
  },
  {
    "id": "ETHUSD",
    "asset": "ETH",
    "currency": "USD",
    "min_size": "0.00001000",
    "max_size": "9000.00000000",
    "min_total": "10.0000",
    "increment": "0.0100",
    "asset_increment": "0.00001000",
    "label": "ETH/USD"
  },
  {
    "id": "XRPUSD",
    "asset": "XRP",
    "currency": "USD",
    "min_size": "0.10000000",
    "max_size": "9000000.00000000",
    "min_total": "10.0000",
    "increment": "0.0001",
    "asset_increment": "0.10000000",
    "label": "XRP/USD"
  },
  {
    "id": "BCHUSD",
    "asset": "BCH",
    "currency": "USD",
    "min_size": "0.00001000",
    "max_size": "9000.00000000",
    "min_total": "10.0000",
    "increment": "0.0100",
    "asset_increment": "0.00001000",
    "label": "BCH/USD"
  },
  {
    "id": "LTCUSD",
    "asset": "LTC",
    "currency": "USD",
    "min_size": "0.00001000",
    "max_size": "9000.00000000",
    "min_total": "10.0000",
    "increment": "0.0100",
    "asset_increment": "0.00001000",
    "label": "LTC/USD"
  },
  {
    "id": "USDTUSD",
    "asset": "USDT",
    "currency": "USD",
    "min_size": "0.01000000",
    "max_size": "900000.00000000",
    "min_total": "10.0000",
    "increment": "0.0001",
    "asset_increment": "0.01000000",
    "label": "USDT/USD"
  },
  {
    "id": "BTCUSDT",
    "asset": "BTC",
    "currency": "USDT",
    "min_size": "0.00000100",
    "max_size": "9000.00000000",
    "min_total": "10.00000000",
    "increment": "0.01000000",
    "asset_increment": "0.00000100",
    "label": "BTC/USDT"
  },
  {
    "id": "ETHUSDT",
    "asset": "ETH",
    "currency": "USDT",
    "min_size": "0.00001000",
    "max_size": "9000.00000000",
    "min_total": "10.00000000",
    "increment": "0.01000000",
    "asset_increment": "0.00001000",
    "label": "ETH/USDT"
  },
  {
    "id": "XRPUSDT",
    "asset": "XRP",
    "currency": "USDT",
    "min_size": "0.10000000",
    "max_size": "9000000.00000000",
    "min_total": "10.00000000",
    "increment": "0.00001000",
    "asset_increment": "0.10000000",
    "label": "XRP/USDT"
  },
  {
    "id": "BCHUSDT",
    "asset": "BCH",
    "currency": "USDT",
    "min_size": "0.00001000",
    "max_size": "9000.00000000",
    "min_total": "10.00000000",
    "increment": "0.01000000",
    "asset_increment": "0.00001000",
    "label": "BCH/USDT"
  },
  {
    "id": "LTCUSDT",
    "asset": "LTC",
    "currency": "USDT",
    "min_size": "0.00001000",
    "max_size": "9000.00000000",
    "min_total": "10.00000000",
    "increment": "0.01000000",
    "asset_increment": "0.00001000",
    "label": "LTC/USDT"
  },
  {
    "id": "BNBUSD",
    "asset": "BNB",
    "currency": "USD",
    "min_size": "0.01000000",
    "max_size": "900000.00000000",
    "min_total": "10.0000",
    "increment": "0.0001",
    "asset_increment": "0.01000000",
    "label": "BNB/USD"
  },
  {
    "id": "BNBUSDT",
    "asset": "BNB",
    "currency": "USDT",
    "min_size": "0.01000000",
    "max_size": "900000.00000000",
    "min_total": "10.00000000",
    "increment": "0.00010000",
    "asset_increment": "0.01000000",
    "label": "BNB/USDT"
  },
  {
    "id": "ETHBTC",
    "asset": "ETH",
    "currency": "BTC",
    "min_size": "0.00100000",
    "max_size": "100000.00000000",
    "min_total": "0.00010000",
    "increment": "0.00000100",
    "asset_increment": "0.00100000",
    "label": "ETH/BTC"
  },
  {
    "id": "XRPBTC",
    "asset": "XRP",
    "currency": "BTC",
    "min_size": "1.00000000",
    "max_size": "90000000.00000000",
    "min_total": "0.00010000",
    "increment": "0.00000001",
    "asset_increment": "1.00000000",
    "label": "XRP/BTC"
  },
  {
    "id": "BNBBTC",
    "asset": "BNB",
    "currency": "BTC",
    "min_size": "0.01000000",
    "max_size": "100000.00000000",
    "min_total": "0.00010000",
    "increment": "0.00000010",
    "asset_increment": "0.01000000",
    "label": "BNB/BTC"
  },
  {
    "id": "LTCBTC",
    "asset": "LTC",
    "currency": "BTC",
    "min_size": "0.01000000",
    "max_size": "100000.00000000",
    "min_total": "0.00010000",
    "increment": "0.00000100",
    "asset_increment": "0.01000000",
    "label": "LTC/BTC"
  },
  {
    "id": "BCHBTC",
    "asset": "BCH",
    "currency": "BTC",
    "min_size": "0.00100000",
    "max_size": "10000000.00000000",
    "min_total": "0.00010000",
    "increment": "0.00000100",
    "asset_increment": "0.00100000",
    "label": "BCH/BTC"
  },
  {
    "id": "ADAUSD",
    "asset": "ADA",
    "currency": "USD",
    "min_size": "0.10000000",
    "max_size": "9000000.00000000",
    "min_total": "10.0000",
    "increment": "0.0001",
    "asset_increment": "0.10000000",
    "label": "ADA/USD"
  },
  {
    "id": "BATUSD",
    "asset": "BAT",
    "currency": "USD",
    "min_size": "0.01000000",
    "max_size": "900000.00000000",
    "min_total": "10.0000",
    "increment": "0.0001",
    "asset_increment": "0.01000000",
    "label": "BAT/USD"
  },
  {
    "id": "ETCUSD",
    "asset": "ETC",
    "currency": "USD",
    "min_size": "0.01000000",
    "max_size": "900000.00000000",
    "min_total": "10.0000",
    "increment": "0.0001",
    "asset_increment": "0.01000000",
    "label": "ETC/USD"
  },
  {
    "id": "XLMUSD",
    "asset": "XLM",
    "currency": "USD",
    "min_size": "0.10000000",
    "max_size": "9000000.00000000",
    "min_total": "10.0000",
    "increment": "0.0001",
    "asset_increment": "0.10000000",
    "label": "XLM/USD"
  },
  {
    "id": "ZRXUSD",
    "asset": "ZRX",
    "currency": "USD",
    "min_size": "0.01000000",
    "max_size": "900000.00000000",
    "min_total": "10.0000",
    "increment": "0.0001",
    "asset_increment": "0.01000000",
    "label": "ZRX/USD"
  },
  {
    "id": "ADAUSDT",
    "asset": "ADA",
    "currency": "USDT",
    "min_size": "0.10000000",
    "max_size": "9000000.00000000",
    "min_total": "10.00000000",
    "increment": "0.00001000",
    "asset_increment": "0.10000000",
    "label": "ADA/USDT"
  },
  {
    "id": "BATUSDT",
    "asset": "BAT",
    "currency": "USDT",
    "min_size": "0.01000000",
    "max_size": "900000.00000000",
    "min_total": "10.00000000",
    "increment": "0.00010000",
    "asset_increment": "0.01000000",
    "label": "BAT/USDT"
  },
  {
    "id": "ETCUSDT",
    "asset": "ETC",
    "currency": "USDT",
    "min_size": "0.01000000",
    "max_size": "900000.00000000",
    "min_total": "10.00000000",
    "increment": "0.00010000",
    "asset_increment": "0.01000000",
    "label": "ETC/USDT"
  },
  {
    "id": "XLMUSDT",
    "asset": "XLM",
    "currency": "USDT",
    "min_size": "0.10000000",
    "max_size": "9000000.00000000",
    "min_total": "10.00000000",
    "increment": "0.00001000",
    "asset_increment": "0.10000000",
    "label": "XLM/USDT"
  },
  {
    "id": "ZRXUSDT",
    "asset": "ZRX",
    "currency": "USDT",
    "min_size": "0.01000000",
    "max_size": "900000.00000000",
    "min_total": "10.00000000",
    "increment": "0.00010000",
    "asset_increment": "0.01000000",
    "label": "ZRX/USDT"
  },
  {
    "id": "LINKUSD",
    "asset": "LINK",
    "currency": "USD",
    "min_size": "0.01000000",
    "max_size": "900000.00000000",
    "min_total": "10.0000",
    "increment": "0.0001",
    "asset_increment": "0.01000000",
    "label": "LINK/USD"
  },
  {
    "id": "RVNUSD",
    "asset": "RVN",
    "currency": "USD",
    "min_size": "0.10000000",
    "max_size": "900000.00000000",
    "min_total": "10.0000",
    "increment": "0.0001",
    "asset_increment": "0.10000000",
    "label": "RVN/USD"
  },
  {
    "id": "DASHUSD",
    "asset": "DASH",
    "currency": "USD",
    "min_size": "0.00001000",
    "max_size": "900000.00000000",
    "min_total": "10.0000",
    "increment": "0.0100",
    "asset_increment": "0.00001000",
    "label": "DASH/USD"
  },
  {
    "id": "ZECUSD",
    "asset": "ZEC",
    "currency": "USD",
    "min_size": "0.00001000",
    "max_size": "900000.00000000",
    "min_total": "10.0000",
    "increment": "0.0100",
    "asset_increment": "0.00001000",
    "label": "ZEC/USD"
  },
  {
    "id": "ALGOUSD",
    "asset": "ALGO",
    "currency": "USD",
    "min_size": "0.00100000",
    "max_size": "900000.00000000",
    "min_total": "10.0000",
    "increment": "0.0010",
    "asset_increment": "0.00100000",
    "label": "ALGO/USD"
  },
  {
    "id": "IOTAUSD",
    "asset": "IOTA",
    "currency": "USD",
    "min_size": "0.01000000",
    "max_size": "900000.00000000",
    "min_total": "10.0000",
    "increment": "0.0001",
    "asset_increment": "0.01000000",
    "label": "IOTA/USD"
  },
  {
    "id": "BUSDUSD",
    "asset": "BUSD",
    "currency": "USD",
    "min_size": "0.01000000",
    "max_size": "900000.00000000",
    "min_total": "10.0000",
    "increment": "0.0001",
    "asset_increment": "0.01000000",
    "label": "BUSD/USD"
  },
  {
    "id": "BTCBUSD",
    "asset": "BTC",
    "currency": "BUSD",
    "min_size": "0.00000100",
    "max_size": "9000.00000000",
    "min_total": "10.00000000",
    "increment": "0.01000000",
    "asset_increment": "0.00000100",
    "label": "BTC/BUSD"
  },
  {
    "id": "DOGEUSDT",
    "asset": "DOGE",
    "currency": "USDT",
    "min_size": "1.00000000",
    "max_size": "90000000.00000000",
    "min_total": "10.00000000",
    "increment": "0.00000010",
    "asset_increment": "1.00000000",
    "label": "DOGE/USDT"
  },
  {
    "id": "WAVESUSD",
    "asset": "WAVES",
    "currency": "USD",
    "min_size": "0.01000000",
    "max_size": "900000.00000000",
    "min_total": "10.0000",
    "increment": "0.0001",
    "asset_increment": "0.01000000",
    "label": "WAVES/USD"
  },
  {
    "id": "ATOMUSDT",
    "asset": "ATOM",
    "currency": "USDT",
    "min_size": "0.00100000",
    "max_size": "900000.00000000",
    "min_total": "10.00000000",
    "increment": "0.00100000",
    "asset_increment": "0.00100000",
    "label": "ATOM/USDT"
  },
  {
    "id": "ATOMUSD",
    "asset": "ATOM",
    "currency": "USD",
    "min_size": "0.00100000",
    "max_size": "900000.00000000",
    "min_total": "10.0000",
    "increment": "0.0010",
    "asset_increment": "0.00100000",
    "label": "ATOM/USD"
  },
  {
    "id": "NEOUSDT",
    "asset": "NEO",
    "currency": "USDT",
    "min_size": "0.00100000",
    "max_size": "900000.00000000",
    "min_total": "10.00000000",
    "increment": "0.00100000",
    "asset_increment": "0.00100000",
    "label": "NEO/USDT"
  },
  {
    "id": "NEOUSD",
    "asset": "NEO",
    "currency": "USD",
    "min_size": "0.00100000",
    "max_size": "900000.00000000",
    "min_total": "10.0000",
    "increment": "0.0010",
    "asset_increment": "0.00100000",
    "label": "NEO/USD"
  },
  {
    "id": "VETUSDT",
    "asset": "VET",
    "currency": "USDT",
    "min_size": "1.00000000",
    "max_size": "90000000.00000000",
    "min_total": "10.00000000",
    "increment": "0.00000100",
    "asset_increment": "1.00000000",
    "label": "VET/USDT"
  },
  {
    "id": "QTUMUSDT",
    "asset": "QTUM",
    "currency": "USDT",
    "min_size": "0.00100000",
    "max_size": "900000.00000000",
    "min_total": "10.00000000",
    "increment": "0.00100000",
    "asset_increment": "0.00100000",
    "label": "QTUM/USDT"
  },
  {
    "id": "QTUMUSD",
    "asset": "QTUM",
    "currency": "USD",
    "min_size": "0.00100000",
    "max_size": "900000.00000000",
    "min_total": "10.0000",
    "increment": "0.0010",
    "asset_increment": "0.00100000",
    "label": "QTUM/USD"
  },
  {
    "id": "NANOUSD",
    "asset": "NANO",
    "currency": "USD",
    "min_size": "0.01000000",
    "max_size": "900000.00000000",
    "min_total": "10.0000",
    "increment": "0.0001",
    "asset_increment": "0.01000000",
    "label": "NANO/USD"
  },
  {
    "id": "ICXUSD",
    "asset": "ICX",
    "currency": "USD",
    "min_size": "0.01000000",
    "max_size": "900000.00000000",
    "min_total": "10.0000",
    "increment": "0.0001",
    "asset_increment": "0.01000000",
    "label": "ICX/USD"
  },
  {
    "id": "ENJUSD",
    "asset": "ENJ",
    "currency": "USD",
    "min_size": "0.10000000",
    "max_size": "900000.00000000",
    "min_total": "10.0000",
    "increment": "0.0001",
    "asset_increment": "0.10000000",
    "label": "ENJ/USD"
  },
  {
    "id": "ONTUSD",
    "asset": "ONT",
    "currency": "USD",
    "min_size": "0.01000000",
    "max_size": "900000.00000000",
    "min_total": "10.0000",
    "increment": "0.0001",
    "asset_increment": "0.01000000",
    "label": "ONT/USD"
  },
  {
    "id": "ONTUSDT",
    "asset": "ONT",
    "currency": "USDT",
    "min_size": "0.01000000",
    "max_size": "900000.00000000",
    "min_total": "10.00000000",
    "increment": "0.00010000",
    "asset_increment": "0.01000000",
    "label": "ONT/USDT"
  },
  {
    "id": "ZILUSD",
    "asset": "ZIL",
    "currency": "USD",
    "min_size": "0.10000000",
    "max_size": "9000000.00000000",
    "min_total": "10.0000",
    "increment": "0.0001",
    "asset_increment": "0.10000000",
    "label": "ZIL/USD"
  },
  {
    "id": "ZILBUSD",
    "asset": "ZIL",
    "currency": "BUSD",
    "min_size": "0.10000000",
    "max_size": "9000000.00000000",
    "min_total": "10.00000000",
    "increment": "0.00001000",
    "asset_increment": "0.10000000",
    "label": "ZIL/BUSD"
  },
  {
    "id": "VETUSD",
    "asset": "VET",
    "currency": "USD",
    "min_size": "1.00000000",
    "max_size": "90000000.00000000",
    "min_total": "10.0000",
    "increment": "0.0001",
    "asset_increment": "1.00000000",
    "label": "VET/USD"
  },
  {
    "id": "BNBBUSD",
    "asset": "BNB",
    "currency": "BUSD",
    "min_size": "0.01000000",
    "max_size": "900000.00000000",
    "min_total": "10.00000000",
    "increment": "0.00010000",
    "asset_increment": "0.01000000",
    "label": "BNB/BUSD"
  },
  {
    "id": "XRPBUSD",
    "asset": "XRP",
    "currency": "BUSD",
    "min_size": "0.10000000",
    "max_size": "9000000.00000000",
    "min_total": "10.00000000",
    "increment": "0.00001000",
    "asset_increment": "0.10000000",
    "label": "XRP/BUSD"
  },
  {
    "id": "ETHBUSD",
    "asset": "ETH",
    "currency": "BUSD",
    "min_size": "0.00001000",
    "max_size": "900000.00000000",
    "min_total": "10.00000000",
    "increment": "0.01000000",
    "asset_increment": "0.00001000",
    "label": "ETH/BUSD"
  },
  {
    "id": "ALGOBUSD",
    "asset": "ALGO",
    "currency": "BUSD",
    "min_size": "0.01000000",
    "max_size": "900000.00000000",
    "min_total": "10.00000000",
    "increment": "0.00010000",
    "asset_increment": "0.01000000",
    "label": "ALGO/BUSD"
  },
  {
    "id": "XTZUSD",
    "asset": "XTZ",
    "currency": "USD",
    "min_size": "0.01000000",
    "max_size": "900000.00000000",
    "min_total": "10.0000",
    "increment": "0.0001",
    "asset_increment": "0.01000000",
    "label": "XTZ/USD"
  },
  {
    "id": "XTZBUSD",
    "asset": "XTZ",
    "currency": "BUSD",
    "min_size": "0.01000000",
    "max_size": "900000.00000000",
    "min_total": "10.00000000",
    "increment": "0.00010000",
    "asset_increment": "0.01000000",
    "label": "XTZ/BUSD"
  },
  {
    "id": "HBARUSD",
    "asset": "HBAR",
    "currency": "USD",
    "min_size": "0.10000000",
    "max_size": "9000000.00000000",
    "min_total": "10.0000",
    "increment": "0.0001",
    "asset_increment": "0.10000000",
    "label": "HBAR/USD"
  },
  {
    "id": "HBARBUSD",
    "asset": "HBAR",
    "currency": "BUSD",
    "min_size": "0.10000000",
    "max_size": "9000000.00000000",
    "min_total": "10.00000000",
    "increment": "0.00001000",
    "asset_increment": "0.10000000",
    "label": "HBAR/BUSD"
  },
  {
    "id": "OMGUSD",
    "asset": "OMG",
    "currency": "USD",
    "min_size": "0.01000000",
    "max_size": "900000.00000000",
    "min_total": "10.0000",
    "increment": "0.0001",
    "asset_increment": "0.01000000",
    "label": "OMG/USD"
  },
  {
    "id": "OMGBUSD",
    "asset": "OMG",
    "currency": "BUSD",
    "min_size": "0.01000000",
    "max_size": "900000.00000000",
    "min_total": "10.00000000",
    "increment": "0.00010000",
    "asset_increment": "0.01000000",
    "label": "OMG/BUSD"
  },
  {
    "id": "MATICUSD",
    "asset": "MATIC",
    "currency": "USD",
    "min_size": "0.10000000",
    "max_size": "9000000.00000000",
    "min_total": "10.0000",
    "increment": "0.0001",
    "asset_increment": "0.10000000",
    "label": "MATIC/USD"
  },
  {
    "id": "MATICBUSD",
    "asset": "MATIC",
    "currency": "BUSD",
    "min_size": "0.10000000",
    "max_size": "9000000.00000000",
    "min_total": "10.00000000",
    "increment": "0.00001000",
    "asset_increment": "0.10000000",
    "label": "MATIC/BUSD"
  },
  {
    "id": "XTZBTC",
    "asset": "XTZ",
    "currency": "BTC",
    "min_size": "0.01000000",
    "max_size": "90000000.00000000",
    "min_total": "0.00010000",
    "increment": "0.00000010",
    "asset_increment": "0.01000000",
    "label": "XTZ/BTC"
  },
  {
    "id": "ADABTC",
    "asset": "ADA",
    "currency": "BTC",
    "min_size": "1.00000000",
    "max_size": "90000000.00000000",
    "min_total": "0.00010000",
    "increment": "0.00000001",
    "asset_increment": "1.00000000",
    "label": "ADA/BTC"
  },
  {
    "id": "REPBUSD",
    "asset": "REP",
    "currency": "BUSD",
    "min_size": "0.00100000",
    "max_size": "1000000.00000000",
    "min_total": "10.00000000",
    "increment": "0.01000000",
    "asset_increment": "0.00100000",
    "label": "REP/BUSD"
  },
  {
    "id": "REPUSD",
    "asset": "REP",
    "currency": "USD",
    "min_size": "0.00100000",
    "max_size": "1000000.00000000",
    "min_total": "10.0000",
    "increment": "0.0100",
    "asset_increment": "0.00100000",
    "label": "REP/USD"
  },
  {
    "id": "EOSBUSD",
    "asset": "EOS",
    "currency": "BUSD",
    "min_size": "0.01000000",
    "max_size": "900000.00000000",
    "min_total": "10.00000000",
    "increment": "0.00010000",
    "asset_increment": "0.01000000",
    "label": "EOS/BUSD"
  },
  {
    "id": "EOSUSD",
    "asset": "EOS",
    "currency": "USD",
    "min_size": "0.01000000",
    "max_size": "900000.00000000",
    "min_total": "10.0000",
    "increment": "0.0001",
    "asset_increment": "0.01000000",
    "label": "EOS/USD"
  },
  {
    "id": "DOGEUSD",
    "asset": "DOGE",
    "currency": "USD",
    "min_size": "1.00000000",
    "max_size": "90000000.00000000",
    "min_total": "10.0000",
    "increment": "0.0001",
    "asset_increment": "1.00000000",
    "label": "DOGE/USD"
  },
  {
    "id": "KNCUSD",
    "asset": "KNC",
    "currency": "USD",
    "min_size": "0.00100000",
    "max_size": "900000.00000000",
    "min_total": "10.0000",
    "increment": "0.0010",
    "asset_increment": "0.00100000",
    "label": "KNC/USD"
  },
  {
    "id": "KNCUSDT",
    "asset": "KNC",
    "currency": "USDT",
    "min_size": "0.00100000",
    "max_size": "900000.00000000",
    "min_total": "10.00000000",
    "increment": "0.00100000",
    "asset_increment": "0.00100000",
    "label": "KNC/USDT"
  },
  {
    "id": "VTHOUSDT",
    "asset": "VTHO",
    "currency": "USDT",
    "min_size": "1.00000000",
    "max_size": "90000000.00000000",
    "min_total": "10.00000000",
    "increment": "0.00000100",
    "asset_increment": "1.00000000",
    "label": "VTHO/USDT"
  },
  {
    "id": "VTHOUSD",
    "asset": "VTHO",
    "currency": "USD",
    "min_size": "1.00000000",
    "max_size": "9000000.00000000",
    "min_total": "10.0000",
    "increment": "0.0001",
    "asset_increment": "1.00000000",
    "label": "VTHO/USD"
  },
  {
    "id": "USDCUSD",
    "asset": "USDC",
    "currency": "USD",
    "min_size": "0.01000000",
    "max_size": "900000.00000000",
    "min_total": "10.0000",
    "increment": "0.0001",
    "asset_increment": "0.01000000",
    "label": "USDC/USD"
  },
  {
    "id": "COMPUSDT",
    "asset": "COMP",
    "currency": "USDT",
    "min_size": "0.00001000",
    "max_size": "900000.00000000",
    "min_total": "10.00000000",
    "increment": "0.01000000",
    "asset_increment": "0.00001000",
    "label": "COMP/USDT"
  },
  {
    "id": "COMPUSD",
    "asset": "COMP",
    "currency": "USD",
    "min_size": "0.00001000",
    "max_size": "900000.00000000",
    "min_total": "10.0000",
    "increment": "0.0100",
    "asset_increment": "0.00001000",
    "label": "COMP/USD"
  },
  {
    "id": "MANAUSD",
    "asset": "MANA",
    "currency": "USD",
    "min_size": "0.01000000",
    "max_size": "900000.00000000",
    "min_total": "10.0000",
    "increment": "0.0001",
    "asset_increment": "0.01000000",
    "label": "MANA/USD"
  },
  {
    "id": "HNTUSD",
    "asset": "HNT",
    "currency": "USD",
    "min_size": "0.01000000",
    "max_size": "900000.00000000",
    "min_total": "10.0000",
    "increment": "0.0001",
    "asset_increment": "0.01000000",
    "label": "HNT/USD"
  },
  {
    "id": "HNTUSDT",
    "asset": "HNT",
    "currency": "USDT",
    "min_size": "0.10000000",
    "max_size": "9000000.00000000",
    "min_total": "10.00000000",
    "increment": "0.00001000",
    "asset_increment": "0.10000000",
    "label": "HNT/USDT"
  },
  {
    "id": "MKRUSD",
    "asset": "MKR",
    "currency": "USD",
    "min_size": "0.00001000",
    "max_size": "900000.00000000",
    "min_total": "10.0000",
    "increment": "0.0001",
    "asset_increment": "0.00001000",
    "label": "MKR/USD"
  },
  {
    "id": "MKRUSDT",
    "asset": "MKR",
    "currency": "USDT",
    "min_size": "0.00001000",
    "max_size": "900000.00000000",
    "min_total": "10.00000000",
    "increment": "0.01000000",
    "asset_increment": "0.00001000",
    "label": "MKR/USDT"
  },
  {
    "id": "DAIUSD",
    "asset": "DAI",
    "currency": "USD",
    "min_size": "0.01000000",
    "max_size": "900000.00000000",
    "min_total": "10.0000",
    "increment": "0.0001",
    "asset_increment": "0.01000000",
    "label": "DAI/USD"
  },
  {
    "id": "ONEUSDT",
    "asset": "ONE",
    "currency": "USDT",
    "min_size": "0.10000000",
    "max_size": "9000000.00000000",
    "min_total": "10.00000000",
    "increment": "0.00001000",
    "asset_increment": "0.10000000",
    "label": "ONE/USDT"
  },
  {
    "id": "ONEUSD",
    "asset": "ONE",
    "currency": "USD",
    "min_size": "0.10000000",
    "max_size": "900000.00000000",
    "min_total": "10.0000",
    "increment": "0.0001",
    "asset_increment": "0.10000000",
    "label": "ONE/USD"
  },
  {
    "id": "BANDUSDT",
    "asset": "BAND",
    "currency": "USDT",
    "min_size": "0.01000000",
    "max_size": "900000.00000000",
    "min_total": "10.00000000",
    "increment": "0.00010000",
    "asset_increment": "0.01000000",
    "label": "BAND/USDT"
  },
  {
    "id": "BANDUSD",
    "asset": "BAND",
    "currency": "USD",
    "min_size": "0.01000000",
    "max_size": "900000.00000000",
    "min_total": "10.0000",
    "increment": "0.0001",
    "asset_increment": "0.01000000",
    "label": "BAND/USD"
  },
  {
    "id": "STORJUSDT",
    "asset": "STORJ",
    "currency": "USDT",
    "min_size": "0.01000000",
    "max_size": "900000.00000000",
    "min_total": "10.00000000",
    "increment": "0.00010000",
    "asset_increment": "0.01000000",
    "label": "STORJ/USDT"
  },
  {
    "id": "STORJUSD",
    "asset": "STORJ",
    "currency": "USD",
    "min_size": "0.01000000",
    "max_size": "900000.00000000",
    "min_total": "10.0000",
    "increment": "0.0001",
    "asset_increment": "0.01000000",
    "label": "STORJ/USD"
  },
  {
    "id": "BUSDUSDT",
    "asset": "BUSD",
    "currency": "USDT",
    "min_size": "0.01000000",
    "max_size": "900000.00000000",
    "min_total": "10.00000000",
    "increment": "0.00010000",
    "asset_increment": "0.01000000",
    "label": "BUSD/USDT"
  },
  {
    "id": "UNIUSD",
    "asset": "UNI",
    "currency": "USD",
    "min_size": "0.01000000",
    "max_size": "900000.00000000",
    "min_total": "10.0000",
    "increment": "0.0001",
    "asset_increment": "0.01000000",
    "label": "UNI/USD"
  },
  {
    "id": "UNIUSDT",
    "asset": "UNI",
    "currency": "USDT",
    "min_size": "0.01000000",
    "max_size": "900000.00000000",
    "min_total": "10.00000000",
    "increment": "0.00010000",
    "asset_increment": "0.01000000",
    "label": "UNI/USDT"
  },
  {
    "id": "SOLUSD",
    "asset": "SOL",
    "currency": "USD",
    "min_size": "0.01000000",
    "max_size": "900000.00000000",
    "min_total": "10.0000",
    "increment": "0.0001",
    "asset_increment": "0.01000000",
    "label": "SOL/USD"
  },
  {
    "id": "SOLUSDT",
    "asset": "SOL",
    "currency": "USDT",
    "min_size": "0.01000000",
    "max_size": "900000.00000000",
    "min_total": "10.00000000",
    "increment": "0.00010000",
    "asset_increment": "0.01000000",
    "label": "SOL/USDT"
  },
  {
    "id": "LINKBTC",
    "asset": "LINK",
    "currency": "BTC",
    "min_size": "0.10000000",
    "max_size": "90000000.00000000",
    "min_total": "0.00010000",
    "increment": "0.00000001",
    "asset_increment": "0.10000000",
    "label": "LINK/BTC"
  },
  {
    "id": "VETBTC",
    "asset": "VET",
    "currency": "BTC",
    "min_size": "1.00000000",
    "max_size": "90000000.00000000",
    "min_total": "0.00010000",
    "increment": "0.00000001",
    "asset_increment": "1.00000000",
    "label": "VET/BTC"
  },
  {
    "id": "UNIBTC",
    "asset": "UNI",
    "currency": "BTC",
    "min_size": "1.00000000",
    "max_size": "90000000.00000000",
    "min_total": "0.00010000",
    "increment": "0.00000001",
    "asset_increment": "1.00000000",
    "label": "UNI/BTC"
  },
  {
    "id": "EGLDUSDT",
    "asset": "EGLD",
    "currency": "USDT",
    "min_size": "0.00100000",
    "max_size": "900000.00000000",
    "min_total": "10.00000000",
    "increment": "0.00100000",
    "asset_increment": "0.00100000",
    "label": "EGLD/USDT"
  },
  {
    "id": "EGLDUSD",
    "asset": "EGLD",
    "currency": "USD",
    "min_size": "0.00100000",
    "max_size": "900000.00000000",
    "min_total": "10.0000",
    "increment": "0.0010",
    "asset_increment": "0.00100000",
    "label": "EGLD/USD"
  },
  {
    "id": "PAXGUSDT",
    "asset": "PAXG",
    "currency": "USDT",
    "min_size": "0.00000100",
    "max_size": "9000.00000000",
    "min_total": "10.00000000",
    "increment": "0.01000000",
    "asset_increment": "0.00000100",
    "label": "PAXG/USDT"
  },
  {
    "id": "PAXGUSD",
    "asset": "PAXG",
    "currency": "USD",
    "min_size": "0.00000100",
    "max_size": "9000.00000000",
    "min_total": "10.0000",
    "increment": "0.0100",
    "asset_increment": "0.00000100",
    "label": "PAXG/USD"
  },
  {
    "id": "OXTUSDT",
    "asset": "OXT",
    "currency": "USDT",
    "min_size": "0.01000000",
    "max_size": "900000.00000000",
    "min_total": "10.00000000",
    "increment": "0.00010000",
    "asset_increment": "0.01000000",
    "label": "OXT/USDT"
  },
  {
    "id": "OXTUSD",
    "asset": "OXT",
    "currency": "USD",
    "min_size": "0.01000000",
    "max_size": "900000.00000000",
    "min_total": "10.0000",
    "increment": "0.0001",
    "asset_increment": "0.01000000",
    "label": "OXT/USD"
  },
  {
    "id": "ZENUSDT",
    "asset": "ZEN",
    "currency": "USDT",
    "min_size": "0.00100000",
    "max_size": "900000.00000000",
    "min_total": "10.00000000",
    "increment": "0.00100000",
    "asset_increment": "0.00100000",
    "label": "ZEN/USDT"
  },
  {
    "id": "ZENUSD",
    "asset": "ZEN",
    "currency": "USD",
    "min_size": "0.00100000",
    "max_size": "900000.00000000",
    "min_total": "10.0000",
    "increment": "0.0010",
    "asset_increment": "0.00100000",
    "label": "ZEN/USD"
  },
  {
    "id": "BTCUSDC",
    "asset": "BTC",
    "currency": "USDC",
    "min_size": "0.00000100",
    "max_size": "9000.00000000",
    "min_total": "10.00000000",
    "increment": "0.01000000",
    "asset_increment": "0.00000100",
    "label": "BTC/USDC"
  },
  {
    "id": "ONEBUSD",
    "asset": "ONE",
    "currency": "BUSD",
    "min_size": "1.00000000",
    "max_size": "9000000.00000000",
    "min_total": "10.00000000",
    "increment": "0.00000100",
    "asset_increment": "1.00000000",
    "label": "ONE/BUSD"
  }
]