[
  {
    "asset": "AAVE",
    "currency": "AUD",
    "min_size": "0.1000000000",
    "increment": "0.0100000000",
    "label": "AAVE/AUD"
  },
  {
    "asset": "AAVE",
    "currency": "ETH",
    "min_size": "0.0500000000",
    "increment": "0.0001000000",
    "label": "AAVE/ETH"
  },
  {
    "asset": "AAVE",
    "currency": "EUR",
    "min_size": "0.0500000000",
    "increment": "0.0100000000",
    "label": "AAVE/EUR"
  },
  {
    "asset": "AAVE",
    "currency": "GBP",
    "min_size": "0.0500000000",
    "increment": "0.0100000000",
    "label": "AAVE/GBP"
  },
  {
    "asset": "AAVE",
    "currency": "USD",
    "min_size": "0.0500000000",
    "increment": "0.0100000000",
    "label": "AAVE/USD"
  },
  {
    "asset": "AAVE",
    "currency": "XBT",
    "min_size": "0.0500000000",
    "increment": "0.0000010000",
    "label": "AAVE/XBT"
  },
  {
    "asset": "ADA",
    "currency": "AUD",
    "min_size": "25.0000000000",
    "increment": "0.0000100000",
    "label": "ADA/AUD"
  },
  {
    "asset": "ADA",
    "currency": "ETH",
    "min_size": "25.0000000000",
    "increment": "0.0000001000",
    "label": "ADA/ETH"
  },
  {
    "asset": "ADA",
    "currency": "EUR",
    "min_size": "25.0000000000",
    "increment": "0.0000010000",
    "label": "ADA/EUR"
  },
  {
    "asset": "ADA",
    "currency": "GBP",
    "min_size": "25.0000000000",
    "increment": "0.0000100000",
    "label": "ADA/GBP"
  },
  {
    "asset": "ADA",
    "currency": "USD",
    "min_size": "25.0000000000",
    "increment": "0.0000010000",
    "label": "ADA/USD"
  },
  {
    "asset": "ADA",
    "currency": "USDT",
    "min_size": "25.0000000000",
    "increment": "0.0000010000",
    "label": "ADA/USDT"
  },
  {
    "asset": "ADA",
    "currency": "XBT",
    "min_size": "25.0000000000",
    "increment": "0.0000000100",
    "label": "ADA/XBT"
  },
  {
    "asset": "ALGO",
    "currency": "ETH",
    "min_size": "15.0000000000",
    "increment": "0.0000001000",
    "label": "ALGO/ETH"
  },
  {
    "asset": "ALGO",
    "currency": "EUR",
    "min_size": "15.0000000000",
    "increment": "0.0000100000",
    "label": "ALGO/EUR"
  },
  {
    "asset": "ALGO",
    "currency": "GBP",
    "min_size": "15.0000000000",
    "increment": "0.0000100000",
    "label": "ALGO/GBP"
  },
  {
    "asset": "ALGO",
    "currency": "USD",
    "min_size": "15.0000000000",
    "increment": "0.0000100000",
    "label": "ALGO/USD"
  },
  {
    "asset": "ALGO",
    "currency": "XBT",
    "min_size": "15.0000000000",
    "increment": "0.0000000100",
    "label": "ALGO/XBT"
  },
  {
    "asset": "ANT",
    "currency": "ETH",
    "min_size": "2.0000000000",
    "increment": "0.0000010000",
    "label": "ANT/ETH"
  },
  {
    "asset": "ANT",
    "currency": "EUR",
    "min_size": "2.0000000000",
    "increment": "0.0001000000",
    "label": "ANT/EUR"
  },
  {
    "asset": "ANT",
    "currency": "USD",
    "min_size": "2.0000000000",
    "increment": "0.0001000000",
    "label": "ANT/USD"
  },
  {
    "asset": "ANT",
    "currency": "XBT",
    "min_size": "2.0000000000",
    "increment": "0.0000000100",
    "label": "ANT/XBT"
  },
  {
    "asset": "ATOM",
    "currency": "AUD",
    "min_size": "1.0000000000",
    "increment": "0.0001000000",
    "label": "ATOM/AUD"
  },
  {
    "asset": "ATOM",
    "currency": "ETH",
    "min_size": "1.0000000000",
    "increment": "0.0000010000",
    "label": "ATOM/ETH"
  },
  {
    "asset": "ATOM",
    "currency": "EUR",
    "min_size": "1.0000000000",
    "increment": "0.0001000000",
    "label": "ATOM/EUR"
  },
  {
    "asset": "ATOM",
    "currency": "GBP",
    "min_size": "1.0000000000",
    "increment": "0.0001000000",
    "label": "ATOM/GBP"
  },
  {
    "asset": "ATOM",
    "currency": "USD",
    "min_size": "1.0000000000",
    "increment": "0.0001000000",
    "label": "ATOM/USD"
  },
  {
    "asset": "ATOM",
    "currency": "XBT",
    "min_size": "1.0000000000",
    "increment": "0.0000001000",
    "label": "ATOM/XBT"
  },
  {
    "asset": "AUD",
    "currency": "JPY",
    "min_size": "10.0000000000",
    "increment": "0.0010000000",
    "label": "AUD/JPY"
  },
  {
    "asset": "AUD",
    "currency": "USD",
    "min_size": "10.0000000000",
    "increment": "0.0000100000",
    "label": "AUD/USD"
  },
  {
    "asset": "BAL",
    "currency": "ETH",
    "min_size": "0.3000000000",
    "increment": "0.0000100000",
    "label": "BAL/ETH"
  },
  {
    "asset": "BAL",
    "currency": "EUR",
    "min_size": "0.3000000000",
    "increment": "0.0100000000",
    "label": "BAL/EUR"
  },
  {
    "asset": "BAL",
    "currency": "USD",
    "min_size": "0.3000000000",
    "increment": "0.0100000000",
    "label": "BAL/USD"
  },
  {
    "asset": "BAL",
    "currency": "XBT",
    "min_size": "0.3000000000",
    "increment": "0.0000010000",
    "label": "BAL/XBT"
  },
  {
    "asset": "BAT",
    "currency": "ETH",
    "min_size": "30.0000000000",
    "increment": "0.0000001000",
    "label": "BAT/ETH"
  },
  {
    "asset": "BAT",
    "currency": "EUR",
    "min_size": "30.0000000000",
    "increment": "0.0000100000",
    "label": "BAT/EUR"
  },
  {
    "asset": "BAT",
    "currency": "USD",
    "min_size": "30.0000000000",
    "increment": "0.0000100000",
    "label": "BAT/USD"
  },
  {
    "asset": "BAT",
    "currency": "XBT",
    "min_size": "30.0000000000",
    "increment": "0.0000000100",
    "label": "BAT/XBT"
  },
  {
    "asset": "BCH",
    "currency": "AUD",
    "min_size": "0.0200000000",
    "increment": "0.0100000000",
    "label": "BCH/AUD"
  },
  {
    "asset": "BCH",
    "currency": "ETH",
    "min_size": "0.0200000000",
    "increment": "0.0001000000",
    "label": "BCH/ETH"
  },
  {
    "asset": "BCH",
    "currency": "EUR",
    "min_size": "0.0200000000",
    "increment": "0.0100000000",
    "label": "BCH/EUR"
  },
  {
    "asset": "BCH",
    "currency": "GBP",
    "min_size": "0.0200000000",
    "increment": "0.0100000000",
    "label": "BCH/GBP"
  },
  {
    "asset": "BCH",
    "currency": "JPY",
    "min_size": "0.0200000000",
    "increment": "1.0000000000",
    "label": "BCH/JPY"
  },
  {
    "asset": "BCH",
    "currency": "USD",
    "min_size": "0.0200000000",
    "increment": "0.0100000000",
    "label": "BCH/USD"
  },
  {
    "asset": "BCH",
    "currency": "USDT",
    "min_size": "0.0200000000",
    "increment": "0.0100000000",
    "label": "BCH/USDT"
  },
  {
    "asset": "BCH",
    "currency": "XBT",
    "min_size": "0.0200000000",
    "increment": "0.0000100000",
    "label": "BCH/XBT"
  },
  {
    "asset": "COMP",
    "currency": "ETH",
    "min_size": "0.0500000000",
    "increment": "0.0001000000",
    "label": "COMP/ETH"
  },
  {
    "asset": "COMP",
    "currency": "EUR",
    "min_size": "0.0500000000",
    "increment": "0.0100000000",
    "label": "COMP/EUR"
  },
  {
    "asset": "COMP",
    "currency": "USD",
    "min_size": "0.0500000000",
    "increment": "0.0100000000",
    "label": "COMP/USD"
  },
  {
    "asset": "COMP",
    "currency": "XBT",
    "min_size": "0.0500000000",
    "increment": "0.0000010000",
    "label": "COMP/XBT"
  },
  {
    "asset": "CRV",
    "currency": "ETH",
    "min_size": "10.0000000000",
    "increment": "0.0000010000",
    "label": "CRV/ETH"
  },
  {
    "asset": "CRV",
    "currency": "EUR",
    "min_size": "10.0000000000",
    "increment": "0.0010000000",
    "label": "CRV/EUR"
  },
  {
    "asset": "CRV",
    "currency": "USD",
    "min_size": "10.0000000000",
    "increment": "0.0010000000",
    "label": "CRV/USD"
  },
  {
    "asset": "CRV",
    "currency": "XBT",
    "min_size": "10.0000000000",
    "increment": "0.0000001000",
    "label": "CRV/XBT"
  },
  {
    "asset": "DAI",
    "currency": "EUR",
    "min_size": "5.0000000000",
    "increment": "0.0000100000",
    "label": "DAI/EUR"
  },
  {
    "asset": "DAI",
    "currency": "USD",
    "min_size": "5.0000000000",
    "increment": "0.0000100000",
    "label": "DAI/USD"
  },
  {
    "asset": "DAI",
    "currency": "USDT",
    "min_size": "5.0000000000",
    "increment": "0.0000100000",
    "label": "DAI/USDT"
  },
  {
    "asset": "DASH",
    "currency": "EUR",
    "min_size": "0.0500000000",
    "increment": "0.0010000000",
    "label": "DASH/EUR"
  },
  {
    "asset": "DASH",
    "currency": "USD",
    "min_size": "0.0500000000",
    "increment": "0.0010000000",
    "label": "DASH/USD"
  },
  {
    "asset": "DASH",
    "currency": "XBT",
    "min_size": "0.0500000000",
    "increment": "0.0000100000",
    "label": "DASH/XBT"
  },
  {
    "asset": "DOT",
    "currency": "AUD",
    "min_size": "0.5000000000",
    "increment": "0.0001000000",
    "label": "DOT/AUD"
  },
  {
    "asset": "DOT",
    "currency": "ETH",
    "min_size": "0.5000000000",
    "increment": "0.0000010000",
    "label": "DOT/ETH"
  },
  {
    "asset": "DOT",
    "currency": "EUR",
    "min_size": "0.5000000000",
    "increment": "0.0001000000",
    "label": "DOT/EUR"
  },
  {
    "asset": "DOT",
    "currency": "GBP",
    "min_size": "0.5000000000",
    "increment": "0.0001000000",
    "label": "DOT/GBP"
  },
  {
    "asset": "DOT",
    "currency": "USD",
    "min_size": "0.5000000000",
    "increment": "0.0001000000",
    "label": "DOT/USD"
  },
  {
    "asset": "DOT",
    "currency": "USDT",
    "min_size": "0.5000000000",
    "increment": "0.0001000000",
    "label": "DOT/USDT"
  },
  {
    "asset": "DOT",
    "currency": "XBT",
    "min_size": "0.5000000000",
    "increment": "0.0000000100",
    "label": "DOT/XBT"
  },
  {
    "asset": "EOS",
    "currency": "ETH",
    "min_size": "2.5000000000",
    "increment": "0.0000010000",
    "label": "EOS/ETH"
  },
  {
    "asset": "EOS",
    "currency": "EUR",
    "min_size": "2.5000000000",
    "increment": "0.0001000000",
    "label": "EOS/EUR"
  },
  {
    "asset": "EOS",
    "currency": "USD",
    "min_size": "2.5000000000",
    "increment": "0.0001000000",
    "label": "EOS/USD"
  },
  {
    "asset": "EOS",
    "currency": "USDT",
    "min_size": "2.5000000000",
    "increment": "0.0001000000",
    "label": "EOS/USDT"
  },
  {
    "asset": "EOS",
    "currency": "XBT",
    "min_size": "2.5000000000",
    "increment": "0.0000001000",
    "label": "EOS/XBT"
  },
  {
    "asset": "ETH2.S",
    "currency": "ETH",
    "min_size": "0.0200000000",
    "increment": "0.0001000000",
    "label": "ETH2.S/ETH"
  },
  {
    "asset": "ETH",
    "currency": "AUD",
    "min_size": "0.0050000000",
    "increment": "0.0100000000",
    "label": "ETH/AUD"
  },
  {
    "asset": "ETH",
    "currency": "CHF",
    "min_size": "0.0050000000",
    "increment": "0.0100000000",
    "label": "ETH/CHF"
  },
  {
    "asset": "ETH",
    "currency": "DAI",
    "min_size": "0.0050000000",
    "increment": "0.0010000000",
    "label": "ETH/DAI"
  },
  {
    "asset": "ETH",
    "currency": "USDC",
    "min_size": "0.0050000000",
    "increment": "0.0100000000",
    "label": "ETH/USDC"
  },
  {
    "asset": "ETH",
    "currency": "USDT",
    "min_size": "0.0050000000",
    "increment": "0.0100000000",
    "label": "ETH/USDT"
  },
  {
    "asset": "EUR",
    "currency": "AUD",
    "min_size": "5.0000000000",
    "increment": "0.0000100000",
    "label": "EUR/AUD"
  },
  {
    "asset": "EUR",
    "currency": "CAD",
    "min_size": "5.0000000000",
    "increment": "0.0000100000",
    "label": "EUR/CAD"
  },
  {
    "asset": "EUR",
    "currency": "CHF",
    "min_size": "5.0000000000",
    "increment": "0.0000100000",
    "label": "EUR/CHF"
  },
  {
    "asset": "EUR",
    "currency": "GBP",
    "min_size": "5.0000000000",
    "increment": "0.0000100000",
    "label": "EUR/GBP"
  },
  {
    "asset": "EUR",
    "currency": "JPY",
    "min_size": "5.0000000000",
    "increment": "0.0010000000",
    "label": "EUR/JPY"
  },
  {
    "asset": "EWT",
    "currency": "EUR",
    "min_size": "1.0000000000",
    "increment": "0.0010000000",
    "label": "EWT/EUR"
  },
  {
    "asset": "EWT",
    "currency": "GBP",
    "min_size": "1.0000000000",
    "increment": "0.0010000000",
    "label": "EWT/GBP"
  },
  {
    "asset": "EWT",
    "currency": "USD",
    "min_size": "1.0000000000",
    "increment": "0.0010000000",
    "label": "EWT/USD"
  },
  {
    "asset": "EWT",
    "currency": "XBT",
    "min_size": "1.0000000000",
    "increment": "0.0000000100",
    "label": "EWT/XBT"
  },
  {
    "asset": "FIL",
    "currency": "AUD",
    "min_size": "0.3000000000",
    "increment": "0.0010000000",
    "label": "FIL/AUD"
  },
  {
    "asset": "FIL",
    "currency": "ETH",
    "min_size": "0.3000000000",
    "increment": "0.0000100000",
    "label": "FIL/ETH"
  },
  {
    "asset": "FIL",
    "currency": "EUR",
    "min_size": "0.3000000000",
    "increment": "0.0010000000",
    "label": "FIL/EUR"
  },
  {
    "asset": "FIL",
    "currency": "GBP",
    "min_size": "0.3000000000",
    "increment": "0.0010000000",
    "label": "FIL/GBP"
  },
  {
    "asset": "FIL",
    "currency": "USD",
    "min_size": "0.3000000000",
    "increment": "0.0010000000",
    "label": "FIL/USD"
  },
  {
    "asset": "FIL",
    "currency": "XBT",
    "min_size": "0.3000000000",
    "increment": "0.0000001000",
    "label": "FIL/XBT"
  },
  {
    "asset": "FLOW",
    "currency": "ETH",
    "min_size": "1.0000000000",
    "increment": "0.0000100000",
    "label": "FLOW/ETH"
  },
  {
    "asset": "FLOW",
    "currency": "EUR",
    "min_size": "1.0000000000",
    "increment": "0.0010000000",
    "label": "FLOW/EUR"
  },
  {
    "asset": "FLOW",
    "currency": "GBP",
    "min_size": "1.0000000000",
    "increment": "0.0010000000",
    "label": "FLOW/GBP"
  },
  {
    "asset": "FLOW",
    "currency": "USD",
    "min_size": "1.0000000000",
    "increment": "0.0010000000",
    "label": "FLOW/USD"
  },
  {
    "asset": "FLOW",
    "currency": "XBT",
    "min_size": "1.0000000000",
    "increment": "0.0000001000",
    "label": "FLOW/XBT"
  },
  {
    "asset": "GNO",
    "currency": "ETH",
    "min_size": "0.0500000000",
    "increment": "0.0001000000",
    "label": "GNO/ETH"
  },
  {
    "asset": "GNO",
    "currency": "EUR",
    "min_size": "0.0500000000",
    "increment": "0.0100000000",
    "label": "GNO/EUR"
  },
  {
    "asset": "GNO",
    "currency": "USD",
    "min_size": "0.0500000000",
    "increment": "0.0100000000",
    "label": "GNO/USD"
  },
  {
    "asset": "GNO",
    "currency": "XBT",
    "min_size": "0.0500000000",
    "increment": "0.0000100000",
    "label": "GNO/XBT"
  },
  {
    "asset": "GRT",
    "currency": "AUD",
    "min_size": "20.0000000000",
    "increment": "0.0000100000",
    "label": "GRT/AUD"
  },
  {
    "asset": "GRT",
    "currency": "ETH",
    "min_size": "20.0000000000",
    "increment": "0.0000001000",
    "label": "GRT/ETH"
  },
  {
    "asset": "GRT",
    "currency": "EUR",
    "min_size": "20.0000000000",
    "increment": "0.0000100000",
    "label": "GRT/EUR"
  },
  {
    "asset": "GRT",
    "currency": "GBP",
    "min_size": "20.0000000000",
    "increment": "0.0000100000",
    "label": "GRT/GBP"
  },
  {
    "asset": "GRT",
    "currency": "USD",
    "min_size": "20.0000000000",
    "increment": "0.0000100000",
    "label": "GRT/USD"
  },
  {
    "asset": "GRT",
    "currency": "XBT",
    "min_size": "20.0000000000",
    "increment": "0.0000000100",
    "label": "GRT/XBT"
  },
  {
    "asset": "ICX",
    "currency": "ETH",
    "min_size": "10.0000000000",
    "increment": "0.0000001000",
    "label": "ICX/ETH"
  },
  {
    "asset": "ICX",
    "currency": "EUR",
    "min_size": "10.0000000000",
    "increment": "0.0001000000",
    "label": "ICX/EUR"
  },
  {
    "asset": "ICX",
    "currency": "USD",
    "min_size": "10.0000000000",
    "increment": "0.0001000000",
    "label": "ICX/USD"
  },
  {
    "asset": "ICX",
    "currency": "XBT",
    "min_size": "10.0000000000",
    "increment": "0.0000000100",
    "label": "ICX/XBT"
  },
  {
    "asset": "KAVA",
    "currency": "ETH",
    "min_size": "5.0000000000",
    "increment": "0.0000010000",
    "label": "KAVA/ETH"
  },
  {
    "asset": "KAVA",
    "currency": "EUR",
    "min_size": "5.0000000000",
    "increment": "0.0001000000",
    "label": "KAVA/EUR"
  },
  {
    "asset": "KAVA",
    "currency": "USD",
    "min_size": "5.0000000000",
    "increment": "0.0001000000",
    "label": "KAVA/USD"
  },
  {
    "asset": "KAVA",
    "currency": "XBT",
    "min_size": "5.0000000000",
    "increment": "0.0000000100",
    "label": "KAVA/XBT"
  },
  {
    "asset": "KEEP",
    "currency": "ETH",
    "min_size": "25.0000000000",
    "increment": "0.0000001000",
    "label": "KEEP/ETH"
  },
  {
    "asset": "KEEP",
    "currency": "EUR",
    "min_size": "25.0000000000",
    "increment": "0.0000100000",
    "label": "KEEP/EUR"
  },
  {
    "asset": "KEEP",
    "currency": "USD",
    "min_size": "25.0000000000",
    "increment": "0.0000100000",
    "label": "KEEP/USD"
  },
  {
    "asset": "KEEP",
    "currency": "XBT",
    "min_size": "25.0000000000",
    "increment": "0.0000000100",
    "label": "KEEP/XBT"
  },
  {
    "asset": "KNC",
    "currency": "ETH",
    "min_size": "5.0000000000",
    "increment": "0.0000010000",
    "label": "KNC/ETH"
  },
  {
    "asset": "KNC",
    "currency": "EUR",
    "min_size": "5.0000000000",
    "increment": "0.0001000000",
    "label": "KNC/EUR"
  },
  {
    "asset": "KNC",
    "currency": "USD",
    "min_size": "5.0000000000",
    "increment": "0.0001000000",
    "label": "KNC/USD"
  },
  {
    "asset": "KNC",
    "currency": "XBT",
    "min_size": "5.0000000000",
    "increment": "0.0000000100",
    "label": "KNC/XBT"
  },
  {
    "asset": "KSM",
    "currency": "AUD",
    "min_size": "0.1000000000",
    "increment": "0.0100000000",
    "label": "KSM/AUD"
  },
  {
    "asset": "KSM",
    "currency": "DOT",
    "min_size": "0.1000000000",
    "increment": "0.0100000000",
    "label": "KSM/DOT"
  },
  {
    "asset": "KSM",
    "currency": "ETH",
    "min_size": "0.1000000000",
    "increment": "0.0000100000",
    "label": "KSM/ETH"
  },
  {
    "asset": "KSM",
    "currency": "EUR",
    "min_size": "0.1000000000",
    "increment": "0.0100000000",
    "label": "KSM/EUR"
  },
  {
    "asset": "KSM",
    "currency": "GBP",
    "min_size": "0.1000000000",
    "increment": "0.0100000000",
    "label": "KSM/GBP"
  },
  {
    "asset": "KSM",
    "currency": "USD",
    "min_size": "0.1000000000",
    "increment": "0.0100000000",
    "label": "KSM/USD"
  },
  {
    "asset": "KSM",
    "currency": "XBT",
    "min_size": "0.1000000000",
    "increment": "0.0000010000",
    "label": "KSM/XBT"
  },
  {
    "asset": "LINK",
    "currency": "AUD",
    "min_size": "0.5000000000",
    "increment": "0.0010000000",
    "label": "LINK/AUD"
  },
  {
    "asset": "LINK",
    "currency": "ETH",
    "min_size": "0.5000000000",
    "increment": "0.0000000100",
    "label": "LINK/ETH"
  },
  {
    "asset": "LINK",
    "currency": "EUR",
    "min_size": "0.5000000000",
    "increment": "0.0000100000",
    "label": "LINK/EUR"
  },
  {
    "asset": "LINK",
    "currency": "GBP",
    "min_size": "0.5000000000",
    "increment": "0.0010000000",
    "label": "LINK/GBP"
  },
  {
    "asset": "LINK",
    "currency": "USD",
    "min_size": "0.5000000000",
    "increment": "0.0000100000",
    "label": "LINK/USD"
  },
  {
    "asset": "LINK",
    "currency": "USDT",
    "min_size": "0.5000000000",
    "increment": "0.0000100000",
    "label": "LINK/USDT"
  },
  {
    "asset": "LINK",
    "currency": "XBT",
    "min_size": "0.5000000000",
    "increment": "0.0000000100",
    "label": "LINK/XBT"
  },
  {
    "asset": "LSK",
    "currency": "ETH",
    "min_size": "5.0000000000",
    "increment": "0.0000000100",
    "label": "LSK/ETH"
  },
  {
    "asset": "LSK",
    "currency": "EUR",
    "min_size": "5.0000000000",
    "increment": "0.0000010000",
    "label": "LSK/EUR"
  },
  {
    "asset": "LSK",
    "currency": "USD",
    "min_size": "5.0000000000",
    "increment": "0.0000010000",
    "label": "LSK/USD"
  },
  {
    "asset": "LSK",
    "currency": "XBT",
    "min_size": "5.0000000000",
    "increment": "0.0000000010",
    "label": "LSK/XBT"
  },
  {
    "asset": "LTC",
    "currency": "AUD",
    "min_size": "0.0500000000",
    "increment": "0.0100000000",
    "label": "LTC/AUD"
  },
  {
    "asset": "LTC",
    "currency": "ETH",
    "min_size": "0.0500000000",
    "increment": "0.0000100000",
    "label": "LTC/ETH"
  },
  {
    "asset": "LTC",
    "currency": "GBP",
    "min_size": "0.0500000000",
    "increment": "0.0000100000",
    "label": "LTC/GBP"
  },
  {
    "asset": "LTC",
    "currency": "USDT",
    "min_size": "0.0500000000",
    "increment": "0.0000100000",
    "label": "LTC/USDT"
  },
  {
    "asset": "MANA",
    "currency": "ETH",
    "min_size": "50.0000000000",
    "increment": "0.0000001000",
    "label": "MANA/ETH"
  },
  {
    "asset": "MANA",
    "currency": "EUR",
    "min_size": "50.0000000000",
    "increment": "0.0000100000",
    "label": "MANA/EUR"
  },
  {
    "asset": "MANA",
    "currency": "USD",
    "min_size": "50.0000000000",
    "increment": "0.0000100000",
    "label": "MANA/USD"
  },
  {
    "asset": "MANA",
    "currency": "XBT",
    "min_size": "50.0000000000",
    "increment": "0.0000000100",
    "label": "MANA/XBT"
  },
  {
    "asset": "NANO",
    "currency": "ETH",
    "min_size": "2.0000000000",
    "increment": "0.0000000100",
    "label": "NANO/ETH"
  },
  {
    "asset": "NANO",
    "currency": "EUR",
    "min_size": "2.0000000000",
    "increment": "0.0000010000",
    "label": "NANO/EUR"
  },
  {
    "asset": "NANO",
    "currency": "USD",
    "min_size": "2.0000000000",
    "increment": "0.0000010000",
    "label": "NANO/USD"
  },
  {
    "asset": "NANO",
    "currency": "XBT",
    "min_size": "2.0000000000",
    "increment": "0.0000000010",
    "label": "NANO/XBT"
  },
  {
    "asset": "OCEAN",
    "currency": "EUR",
    "min_size": "10.0000000000",
    "increment": "0.0001000000",
    "label": "OCEAN/EUR"
  },
  {
    "asset": "OCEAN",
    "currency": "GBP",
    "min_size": "10.0000000000",
    "increment": "0.0001000000",
    "label": "OCEAN/GBP"
  },
  {
    "asset": "OCEAN",
    "currency": "USD",
    "min_size": "10.0000000000",
    "increment": "0.0001000000",
    "label": "OCEAN/USD"
  },
  {
    "asset": "OCEAN",
    "currency": "XBT",
    "min_size": "10.0000000000",
    "increment": "0.0000000100",
    "label": "OCEAN/XBT"
  },
  {
    "asset": "OMG",
    "currency": "ETH",
    "min_size": "2.0000000000",
    "increment": "0.0000000100",
    "label": "OMG/ETH"
  },
  {
    "asset": "OMG",
    "currency": "EUR",
    "min_size": "2.0000000000",
    "increment": "0.0000010000",
    "label": "OMG/EUR"
  },
  {
    "asset": "OMG",
    "currency": "USD",
    "min_size": "2.0000000000",
    "increment": "0.0000010000",
    "label": "OMG/USD"
  },
  {
    "asset": "OMG",
    "currency": "XBT",
    "min_size": "2.0000000000",
    "increment": "0.0000000010",
    "label": "OMG/XBT"
  },
  {
    "asset": "OXT",
    "currency": "ETH",
    "min_size": "25.0000000000",
    "increment": "0.0000001000",
    "label": "OXT/ETH"
  },
  {
    "asset": "OXT",
    "currency": "EUR",
    "min_size": "25.0000000000",
    "increment": "0.0000100000",
    "label": "OXT/EUR"
  },
  {
    "asset": "OXT",
    "currency": "USD",
    "min_size": "25.0000000000",
    "increment": "0.0000100000",
    "label": "OXT/USD"
  },
  {
    "asset": "OXT",
    "currency": "XBT",
    "min_size": "25.0000000000",
    "increment": "0.0000000100",
    "label": "OXT/XBT"
  },
  {
    "asset": "PAXG",
    "currency": "ETH",
    "min_size": "0.0040000000",
    "increment": "0.0000010000",
    "label": "PAXG/ETH"
  },
  {
    "asset": "PAXG",
    "currency": "EUR",
    "min_size": "0.0040000000",
    "increment": "0.0100000000",
    "label": "PAXG/EUR"
  },
  {
    "asset": "PAXG",
    "currency": "USD",
    "min_size": "0.0040000000",
    "increment": "0.0100000000",
    "label": "PAXG/USD"
  },
  {
    "asset": "PAXG",
    "currency": "XBT",
    "min_size": "0.0040000000",
    "increment": "0.0000010000",
    "label": "PAXG/XBT"
  },
  {
    "asset": "QTUM",
    "currency": "ETH",
    "min_size": "2.5000000000",
    "increment": "0.0000001000",
    "label": "QTUM/ETH"
  },
  {
    "asset": "QTUM",
    "currency": "EUR",
    "min_size": "2.5000000000",
    "increment": "0.0000100000",
    "label": "QTUM/EUR"
  },
  {
    "asset": "QTUM",
    "currency": "USD",
    "min_size": "2.5000000000",
    "increment": "0.0000100000",
    "label": "QTUM/USD"
  },
  {
    "asset": "QTUM",
    "currency": "XBT",
    "min_size": "2.5000000000",
    "increment": "0.0000001000",
    "label": "QTUM/XBT"
  },
  {
    "asset": "REPV2",
    "currency": "ETH",
    "min_size": "0.3000000000",
    "increment": "0.0000100000",
    "label": "REPV2/ETH"
  },
  {
    "asset": "REPV2",
    "currency": "EUR",
    "min_size": "0.3000000000",
    "increment": "0.0010000000",
    "label": "REPV2/EUR"
  },
  {
    "asset": "REPV2",
    "currency": "USD",
    "min_size": "0.3000000000",
    "increment": "0.0010000000",
    "label": "REPV2/USD"
  },
  {
    "asset": "REPV2",
    "currency": "XBT",
    "min_size": "0.3000000000",
    "increment": "0.0000010000",
    "label": "REPV2/XBT"
  },
  {
    "asset": "SC",
    "currency": "ETH",
    "min_size": "1500.0000000000",
    "increment": "0.0000000100",
    "label": "SC/ETH"
  },
  {
    "asset": "SC",
    "currency": "EUR",
    "min_size": "1500.0000000000",
    "increment": "0.0000100000",
    "label": "SC/EUR"
  },
  {
    "asset": "SC",
    "currency": "USD",
    "min_size": "1500.0000000000",
    "increment": "0.0000100000",
    "label": "SC/USD"
  },
  {
    "asset": "SC",
    "currency": "XBT",
    "min_size": "1500.0000000000",
    "increment": "0.0000000001",
    "label": "SC/XBT"
  },
  {
    "asset": "SNX",
    "currency": "AUD",
    "min_size": "0.5000000000",
    "increment": "0.0010000000",
    "label": "SNX/AUD"
  },
  {
    "asset": "SNX",
    "currency": "ETH",
    "min_size": "0.5000000000",
    "increment": "0.0000100000",
    "label": "SNX/ETH"
  },
  {
    "asset": "SNX",
    "currency": "EUR",
    "min_size": "0.5000000000",
    "increment": "0.0010000000",
    "label": "SNX/EUR"
  },
  {
    "asset": "SNX",
    "currency": "GBP",
    "min_size": "0.5000000000",
    "increment": "0.0010000000",
    "label": "SNX/GBP"
  },
  {
    "asset": "SNX",
    "currency": "USD",
    "min_size": "0.5000000000",
    "increment": "0.0010000000",
    "label": "SNX/USD"
  },
  {
    "asset": "SNX",
    "currency": "XBT",
    "min_size": "0.5000000000",
    "increment": "0.0000001000",
    "label": "SNX/XBT"
  },
  {
    "asset": "STORJ",
    "currency": "ETH",
    "min_size": "20.0000000000",
    "increment": "0.0000001000",
    "label": "STORJ/ETH"
  },
  {
    "asset": "STORJ",
    "currency": "EUR",
    "min_size": "20.0000000000",
    "increment": "0.0000100000",
    "label": "STORJ/EUR"
  },
  {
    "asset": "STORJ",
    "currency": "USD",
    "min_size": "20.0000000000",
    "increment": "0.0000100000",
    "label": "STORJ/USD"
  },
  {
    "asset": "STORJ",
    "currency": "XBT",
    "min_size": "20.0000000000",
    "increment": "0.0000000010",
    "label": "STORJ/XBT"
  },
  {
    "asset": "TBTC",
    "currency": "ETH",
    "min_size": "0.0002000000",
    "increment": "0.0010000000",
    "label": "TBTC/ETH"
  },
  {
    "asset": "TBTC",
    "currency": "EUR",
    "min_size": "0.0002000000",
    "increment": "0.1000000000",
    "label": "TBTC/EUR"
  },
  {
    "asset": "TBTC",
    "currency": "USD",
    "min_size": "0.0002000000",
    "increment": "0.1000000000",
    "label": "TBTC/USD"
  },
  {
    "asset": "TBTC",
    "currency": "XBT",
    "min_size": "0.0002000000",
    "increment": "0.0000100000",
    "label": "TBTC/XBT"
  },
  {
    "asset": "TRX",
    "currency": "ETH",
    "min_size": "250.0000000000",
    "increment": "0.0000000100",
    "label": "TRX/ETH"
  },
  {
    "asset": "TRX",
    "currency": "EUR",
    "min_size": "250.0000000000",
    "increment": "0.0000010000",
    "label": "TRX/EUR"
  },
  {
    "asset": "TRX",
    "currency": "USD",
    "min_size": "250.0000000000",
    "increment": "0.0000010000",
    "label": "TRX/USD"
  },
  {
    "asset": "TRX",
    "currency": "XBT",
    "min_size": "250.0000000000",
    "increment": "0.0000000001",
    "label": "TRX/XBT"
  },
  {
    "asset": "UNI",
    "currency": "ETH",
    "min_size": "1.0000000000",
    "increment": "0.0000100000",
    "label": "UNI/ETH"
  },
  {
    "asset": "UNI",
    "currency": "EUR",
    "min_size": "1.0000000000",
    "increment": "0.0010000000",
    "label": "UNI/EUR"
  },
  {
    "asset": "UNI",
    "currency": "USD",
    "min_size": "1.0000000000",
    "increment": "0.0010000000",
    "label": "UNI/USD"
  },
  {
    "asset": "UNI",
    "currency": "XBT",
    "min_size": "1.0000000000",
    "increment": "0.0000001000",
    "label": "UNI/XBT"
  },
  {
    "asset": "USDC",
    "currency": "AUD",
    "min_size": "5.0000000000",
    "increment": "0.0001000000",
    "label": "USDC/AUD"
  },
  {
    "asset": "USDC",
    "currency": "EUR",
    "min_size": "5.0000000000",
    "increment": "0.0001000000",
    "label": "USDC/EUR"
  },
  {
    "asset": "USDC",
    "currency": "GBP",
    "min_size": "5.0000000000",
    "increment": "0.0001000000",
    "label": "USDC/GBP"
  },
  {
    "asset": "USD",
    "currency": "CHF",
    "min_size": "10.0000000000",
    "increment": "0.0000100000",
    "label": "USD/CHF"
  },
  {
    "asset": "USDC",
    "currency": "USD",
    "min_size": "5.0000000000",
    "increment": "0.0001000000",
    "label": "USDC/USD"
  },
  {
    "asset": "USDC",
    "currency": "USDT",
    "min_size": "5.0000000000",
    "increment": "0.0001000000",
    "label": "USDC/USDT"
  },
  {
    "asset": "USDT",
    "currency": "AUD",
    "min_size": "5.0000000000",
    "increment": "0.0001000000",
    "label": "USDT/AUD"
  },
  {
    "asset": "USDT",
    "currency": "CAD",
    "min_size": "5.0000000000",
    "increment": "0.0001000000",
    "label": "USDT/CAD"
  },
  {
    "asset": "USDT",
    "currency": "CHF",
    "min_size": "5.0000000000",
    "increment": "0.0000100000",
    "label": "USDT/CHF"
  },
  {
    "asset": "USDT",
    "currency": "EUR",
    "min_size": "5.0000000000",
    "increment": "0.0001000000",
    "label": "USDT/EUR"
  },
  {
    "asset": "USDT",
    "currency": "GBP",
    "min_size": "5.0000000000",
    "increment": "0.0001000000",
    "label": "USDT/GBP"
  },
  {
    "asset": "USDT",
    "currency": "JPY",
    "min_size": "5.0000000000",
    "increment": "0.0010000000",
    "label": "USDT/JPY"
  },
  {
    "asset": "USDT",
    "currency": "ZUSD",
    "min_size": "5.0000000000",
    "increment": "0.0001000000",
    "label": "USDT/USD"
  },
  {
    "asset": "WAVES",
    "currency": "ETH",
    "min_size": "2.0000000000",
    "increment": "0.0000001000",
    "label": "WAVES/ETH"
  },
  {
    "asset": "WAVES",
    "currency": "EUR",
    "min_size": "2.0000000000",
    "increment": "0.0001000000",
    "label": "WAVES/EUR"
  },
  {
    "asset": "WAVES",
    "currency": "USD",
    "min_size": "2.0000000000",
    "increment": "0.0001000000",
    "label": "WAVES/USD"
  },
  {
    "asset": "WAVES",
    "currency": "XBT",
    "min_size": "2.0000000000",
    "increment": "0.0000000100",
    "label": "WAVES/XBT"
  },
  {
    "asset": "XBT",
    "currency": "AUD",
    "min_size": "0.0002000000",
    "increment": "0.1000000000",
    "label": "XBT/AUD"
  },
  {
    "asset": "XBT",
    "currency": "CHF",
    "min_size": "0.0002000000",
    "increment": "0.1000000000",
    "label": "XBT/CHF"
  },
  {
    "asset": "XBT",
    "currency": "DAI",
    "min_size": "0.0002000000",
    "increment": "0.1000000000",
    "label": "XBT/DAI"
  },
  {
    "asset": "XBT",
    "currency": "USDC",
    "min_size": "0.0002000000",
    "increment": "0.0100000000",
    "label": "XBT/USDC"
  },
  {
    "asset": "XBT",
    "currency": "USDT",
    "min_size": "0.0002000000",
    "increment": "0.1000000000",
    "label": "XBT/USDT"
  },
  {
    "asset": "XDG",
    "currency": "EUR",
    "min_size": "50.0000000000",
    "increment": "0.0000001000",
    "label": "XDG/EUR"
  },
  {
    "asset": "XDG",
    "currency": "USD",
    "min_size": "50.0000000000",
    "increment": "0.0000001000",
    "label": "XDG/USD"
  },
  {
    "asset": "XDG",
    "currency": "USDT",
    "min_size": "50.0000000000",
    "increment": "0.0000100000",
    "label": "XDG/USDT"
  },
  {
    "asset": "XETC",
    "currency": "XETH",
    "min_size": "1.0000000000",
    "increment": "0.0000010000",
    "label": "ETC/ETH"
  },
  {
    "asset": "XETC",
    "currency": "XXBT",
    "min_size": "1.0000000000",
    "increment": "0.0000010000",
    "label": "ETC/XBT"
  },
  {
    "asset": "XETC",
    "currency": "ZEUR",
    "min_size": "1.0000000000",
    "increment": "0.0010000000",
    "label": "ETC/EUR"
  },
  {
    "asset": "XETC",
    "currency": "ZUSD",
    "min_size": "1.0000000000",
    "increment": "0.0010000000",
    "label": "ETC/USD"
  },
  {
    "asset": "XETH",
    "currency": "XXBT",
    "min_size": "0.0050000000",
    "increment": "0.0000100000",
    "label": "ETH/XBT"
  },
  {
    "asset": "XETH",
    "currency": "ZCAD",
    "min_size": "0.0050000000",
    "increment": "0.0100000000",
    "label": "ETH/CAD"
  },
  {
    "asset": "XETH",
    "currency": "ZEUR",
    "min_size": "0.0050000000",
    "increment": "0.0100000000",
    "label": "ETH/EUR"
  },
  {
    "asset": "XETH",
    "currency": "ZGBP",
    "min_size": "0.0050000000",
    "increment": "0.0100000000",
    "label": "ETH/GBP"
  },
  {
    "asset": "XETH",
    "currency": "ZJPY",
    "min_size": "0.0050000000",
    "increment": "1.0000000000",
    "label": "ETH/JPY"
  },
  {
    "asset": "XETH",
    "currency": "ZUSD",
    "min_size": "0.0050000000",
    "increment": "0.0100000000",
    "label": "ETH/USD"
  },
  {
    "asset": "XLTC",
    "currency": "XXBT",
    "min_size": "0.0500000000",
    "increment": "0.0000010000",
    "label": "LTC/XBT"
  },
  {
    "asset": "XLTC",
    "currency": "ZEUR",
    "min_size": "0.0500000000",
    "increment": "0.0100000000",
    "label": "LTC/EUR"
  },
  {
    "asset": "XLTC",
    "currency": "ZJPY",
    "min_size": "0.0500000000",
    "increment": "1.0000000000",
    "label": "LTC/JPY"
  },
  {
    "asset": "XLTC",
    "currency": "ZUSD",
    "min_size": "0.0500000000",
    "increment": "0.0100000000",
    "label": "LTC/USD"
  },
  {
    "asset": "XMLN",
    "currency": "XETH",
    "min_size": "0.2000000000",
    "increment": "0.0000100000",
    "label": "MLN/ETH"
  },
  {
    "asset": "XMLN",
    "currency": "XXBT",
    "min_size": "0.2000000000",
    "increment": "0.0000010000",
    "label": "MLN/XBT"
  },
  {
    "asset": "XMLN",
    "currency": "ZEUR",
    "min_size": "0.2000000000",
    "increment": "0.0010000000",
    "label": "MLN/EUR"
  },
  {
    "asset": "XMLN",
    "currency": "ZUSD",
    "min_size": "0.2000000000",
    "increment": "0.0010000000",
    "label": "MLN/USD"
  },
  {
    "asset": "XREP",
    "currency": "XETH",
    "min_size": "0.3000000000",
    "increment": "0.0000100000",
    "label": "REP/ETH"
  },
  {
    "asset": "XREP",
    "currency": "XXBT",
    "min_size": "0.3000000000",
    "increment": "0.0000010000",
    "label": "REP/XBT"
  },
  {
    "asset": "XREP",
    "currency": "ZEUR",
    "min_size": "0.3000000000",
    "increment": "0.0010000000",
    "label": "REP/EUR"
  },
  {
    "asset": "XREP",
    "currency": "ZUSD",
    "min_size": "0.3000000000",
    "increment": "0.0010000000",
    "label": "REP/USD"
  },
  {
    "asset": "XRP",
    "currency": "AUD",
    "min_size": "20.0000000000",
    "increment": "0.0000100000",
    "label": "XRP/AUD"
  },
  {
    "asset": "XRP",
    "currency": "ETH",
    "min_size": "20.0000000000",
    "increment": "0.0000001000",
    "label": "XRP/ETH"
  },
  {
    "asset": "XRP",
    "currency": "GBP",
    "min_size": "20.0000000000",
    "increment": "0.0000100000",
    "label": "XRP/GBP"
  },
  {
    "asset": "XRP",
    "currency": "USDT",
    "min_size": "20.0000000000",
    "increment": "0.0000100000",
    "label": "XRP/USDT"
  },
  {
    "asset": "XTZ",
    "currency": "AUD",
    "min_size": "3.0000000000",
    "increment": "0.0001000000",
    "label": "XTZ/AUD"
  },
  {
    "asset": "XTZ",
    "currency": "ETH",
    "min_size": "3.0000000000",
    "increment": "0.0000001000",
    "label": "XTZ/ETH"
  },
  {
    "asset": "XTZ",
    "currency": "EUR",
    "min_size": "3.0000000000",
    "increment": "0.0001000000",
    "label": "XTZ/EUR"
  },
  {
    "asset": "XTZ",
    "currency": "GBP",
    "min_size": "3.0000000000",
    "increment": "0.0001000000",
    "label": "XTZ/GBP"
  },
  {
    "asset": "XTZ",
    "currency": "USD",
    "min_size": "3.0000000000",
    "increment": "0.0001000000",
    "label": "XTZ/USD"
  },
  {
    "asset": "XTZ",
    "currency": "XBT",
    "min_size": "3.0000000000",
    "increment": "0.0000001000",
    "label": "XTZ/XBT"
  },
  {
    "asset": "XXBT",
    "currency": "ZCAD",
    "min_size": "0.0002000000",
    "increment": "0.1000000000",
    "label": "XBT/CAD"
  },
  {
    "asset": "XXBT",
    "currency": "ZEUR",
    "min_size": "0.0002000000",
    "increment": "0.1000000000",
    "label": "XBT/EUR"
  },
  {
    "asset": "XXBT",
    "currency": "ZGBP",
    "min_size": "0.0002000000",
    "increment": "0.1000000000",
    "label": "XBT/GBP"
  },
  {
    "asset": "XXBT",
    "currency": "ZJPY",
    "min_size": "0.0002000000",
    "increment": "1.0000000000",
    "label": "XBT/JPY"
  },
  {
    "asset": "XXBT",
    "currency": "ZUSD",
    "min_size": "0.0002000000",
    "increment": "0.1000000000",
    "label": "XBT/USD"
  },
  {
    "asset": "XXDG",
    "currency": "XXBT",
    "min_size": "50.0000000000",
    "increment": "0.0000000100",
    "label": "XDG/XBT"
  },
  {
    "asset": "XXLM",
    "currency": "XXBT",
    "min_size": "20.0000000000",
    "increment": "0.0000000100",
    "label": "XLM/XBT"
  },
  {
    "asset": "XXLM",
    "currency": "ZAUD",
    "min_size": "20.0000000000",
    "increment": "0.0000100000",
    "label": "XLM/AUD"
  },
  {
    "asset": "XXLM",
    "currency": "ZEUR",
    "min_size": "20.0000000000",
    "increment": "0.0000010000",
    "label": "XLM/EUR"
  },
  {
    "asset": "XXLM",
    "currency": "ZGBP",
    "min_size": "20.0000000000",
    "increment": "0.0000100000",
    "label": "XLM/GBP"
  },
  {
    "asset": "XXLM",
    "currency": "ZUSD",
    "min_size": "20.0000000000",
    "increment": "0.0000010000",
    "label": "XLM/USD"
  },
  {
    "asset": "XXMR",
    "currency": "XXBT",
    "min_size": "0.0500000000",
    "increment": "0.0000010000",
    "label": "XMR/XBT"
  },
  {
    "asset": "XXMR",
    "currency": "ZEUR",
    "min_size": "0.0500000000",
    "increment": "0.0100000000",
    "label": "XMR/EUR"
  },
  {
    "asset": "XXMR",
    "currency": "ZUSD",
    "min_size": "0.0500000000",
    "increment": "0.0100000000",
    "label": "XMR/USD"
  },
  {
    "asset": "XXRP",
    "currency": "XXBT",
    "min_size": "20.0000000000",
    "increment": "0.0000000100",
    "label": "XRP/XBT"
  },
  {
    "asset": "XXRP",
    "currency": "ZCAD",
    "min_size": "20.0000000000",
    "increment": "0.0000100000",
    "label": "XRP/CAD"
  },
  {
    "asset": "XXRP",
    "currency": "ZEUR",
    "min_size": "20.0000000000",
    "increment": "0.0000100000",
    "label": "XRP/EUR"
  },
  {
    "asset": "XXRP",
    "currency": "ZJPY",
    "min_size": "20.0000000000",
    "increment": "0.0010000000",
    "label": "XRP/JPY"
  },
  {
    "asset": "XXRP",
    "currency": "ZUSD",
    "min_size": "20.0000000000",
    "increment": "0.0000100000",
    "label": "XRP/USD"
  },
  {
    "asset": "XZEC",
    "currency": "XXBT",
    "min_size": "0.1000000000",
    "increment": "0.0000100000",
    "label": "ZEC/XBT"
  },
  {
    "asset": "XZEC",
    "currency": "ZEUR",
    "min_size": "0.1000000000",
    "increment": "0.0010000000",
    "label": "ZEC/EUR"
  },
  {
    "asset": "XZEC",
    "currency": "ZUSD",
    "min_size": "0.1000000000",
    "increment": "0.0100000000",
    "label": "ZEC/USD"
  },
  {
    "asset": "YFI",
    "currency": "AUD",
    "min_size": "0.0002000000",
    "increment": "1.0000000000",
    "label": "YFI/AUD"
  },
  {
    "asset": "YFI",
    "currency": "ETH",
    "min_size": "0.0002000000",
    "increment": "0.0100000000",
    "label": "YFI/ETH"
  },
  {
    "asset": "YFI",
    "currency": "EUR",
    "min_size": "0.0002000000",
    "increment": "1.0000000000",
    "label": "YFI/EUR"
  },
  {
    "asset": "YFI",
    "currency": "GBP",
    "min_size": "0.0002000000",
    "increment": "1.0000000000",
    "label": "YFI/GBP"
  },
  {
    "asset": "YFI",
    "currency": "USD",
    "min_size": "0.0002000000",
    "increment": "1.0000000000",
    "label": "YFI/USD"
  },
  {
    "asset": "YFI",
    "currency": "XBT",
    "min_size": "0.0002000000",
    "increment": "0.0001000000",
    "label": "YFI/XBT"
  },
  {
    "asset": "ZEUR",
    "currency": "ZUSD",
    "min_size": "5.0000000000",
    "increment": "0.0000100000",
    "label": "EUR/USD"
  },
  {
    "asset": "ZGBP",
    "currency": "ZUSD",
    "min_size": "5.0000000000",
    "increment": "0.0000100000",
    "label": "GBP/USD"
  },
  {
    "asset": "ZUSD",
    "currency": "ZCAD",
    "min_size": "10.0000000000",
    "increment": "0.0000100000",
    "label": "USD/CAD"
  },
  {
    "asset": "ZUSD",
    "currency": "ZJPY",
    "min_size": "10.0000000000",
    "increment": "0.0010000000",
    "label": "USD/JPY"
  }
]